date,AH1N1,AMLO,Ayotzinapa,Calderon,Cartel,White House,Chapo,China,Coronavirus,Corruption,Economic crisis,Health crisis,Quarantine,Face mask,Unemployment,Dollar,Elections,EPN,Gas,Homicides,Huachicol,Inflation,Insecurity,N95 Mask,Economic measures,Migration,Migrants,Morena,Dead,Wall,Omicron,Outsourcing,Pact,PAN,Pandemic,PEMEX,Peso,Oil,PRI,Resurgence,Recession,Reforms,Salary,Earthquake,Exchange rate,Trump,Vaccine,Violence
2004/01,0,0,0,9,37,16,1,54,0,29,21,0,0,0,61,5,2,0,4,83,0,79,22,0,0,78,16,5,4,12,0,52,30,41,0,30,17,61,53,0,0,100,46,2,28,0,2,44
2004/02,0,0,0,10,42,15,0,58,0,35,37,0,0,2,76,4,1,0,5,0,0,81,30,0,0,65,10,4,5,15,0,63,36,42,0,33,16,75,52,0,0,64,39,1,23,0,2,51
2004/03,0,2,0,10,44,28,0,57,0,100,41,0,0,0,92,3,2,0,5,96,0,100,22,0,0,89,13,5,6,16,0,54,47,44,0,34,18,100,63,0,0,61,39,1,23,0,2,60
2004/04,0,0,0,10,42,14,0,59,0,69,24,0,0,0,73,4,1,0,5,0,0,71,37,0,0,83,21,6,7,13,0,21,46,56,0,37,16,65,49,0,0,62,33,1,25,0,2,64
2004/05,0,1,0,12,35,14,1,56,0,93,51,0,0,0,98,5,3,0,4,92,0,92,36,0,0,88,13,3,5,18,0,47,44,48,0,34,17,67,63,0,0,68,33,1,32,0,4,76
2004/06,0,1,0,11,29,11,0,45,0,65,36,0,0,0,73,4,2,0,5,70,0,64,57,0,0,69,12,7,5,16,0,65,39,40,0,34,16,49,64,0,0,49,28,1,26,0,3,66
2004/07,0,1,0,11,26,10,0,37,0,22,0,0,0,0,36,4,4,0,4,0,0,41,62,0,0,55,15,6,4,11,0,24,21,33,0,27,14,11,60,0,0,31,28,0,29,1,2,24
2004/08,0,3,0,9,35,10,0,51,0,31,13,0,0,0,53,4,6,0,4,0,0,78,38,0,0,42,9,6,5,11,0,41,38,32,0,34,16,32,47,0,0,68,33,1,27,1,2,27
2004/09,0,2,0,9,40,10,0,71,0,48,27,0,0,0,58,3,7,0,5,0,0,77,52,0,0,63,15,5,8,14,0,43,43,36,0,28,15,54,47,0,0,66,33,2,27,1,2,41
2004/10,0,2,0,11,45,13,1,73,0,46,24,0,0,0,76,4,4,0,4,68,0,75,39,0,0,64,12,3,100,15,0,47,44,45,0,31,15,44,53,0,0,70,35,1,24,2,2,50
2004/11,0,2,0,11,46,14,1,63,0,70,29,0,0,0,90,4,16,0,5,100,0,87,77,0,0,87,16,5,28,20,0,56,47,48,0,35,16,52,74,0,16,77,31,1,26,3,2,77
2004/12,0,1,0,10,37,15,1,45,0,37,23,0,0,0,50,4,2,0,5,0,0,65,32,0,0,55,12,7,6,11,0,14,23,35,0,30,12,32,50,0,0,54,29,1,24,1,2,43
2005/01,0,2,0,13,36,12,2,51,0,27,16,0,0,0,39,4,2,0,5,79,0,73,31,0,0,49,11,7,6,11,0,41,33,35,2,35,16,53,55,0,0,62,44,1,25,1,2,45
2005/02,0,3,0,13,39,14,2,55,0,29,25,0,0,0,69,4,5,0,7,54,0,82,28,0,0,62,14,5,4,13,0,58,37,37,0,32,18,72,61,0,0,57,42,1,26,1,2,52
2005/03,0,5,0,13,40,16,3,53,0,28,26,0,0,0,63,4,2,0,10,47,0,71,48,0,0,76,15,9,5,16,0,33,33,40,1,33,16,73,57,0,0,50,35,1,31,1,2,55
2005/04,0,19,0,13,44,13,2,56,0,49,38,0,0,0,72,4,2,0,13,61,0,82,39,0,0,86,14,7,4,23,0,48,42,38,0,34,17,66,57,0,0,52,34,1,28,1,1,62
2005/05,0,6,0,15,43,14,2,47,0,51,44,0,0,0,76,4,2,0,12,74,0,79,55,0,0,84,19,8,4,20,0,43,47,40,0,32,15,59,59,0,12,55,33,0,29,1,2,71
2005/06,0,4,0,15,44,15,2,43,0,36,22,0,0,0,53,4,2,0,10,48,0,57,51,0,0,69,13,8,4,16,0,48,30,38,0,28,16,36,55,0,0,41,28,0,30,1,1,60
2005/07,0,3,0,14,32,13,2,37,0,15,0,0,0,0,24,4,4,0,8,0,0,29,22,0,0,44,10,9,5,9,0,29,17,35,0,28,15,12,57,0,0,25,23,0,35,1,1,27
2005/08,0,2,0,13,31,13,1,49,0,23,12,0,0,0,36,4,1,0,7,43,0,48,44,0,0,46,9,8,4,13,0,42,23,32,0,29,17,24,46,0,0,32,31,1,28,1,1,30
2005/09,0,2,0,18,38,10,2,62,0,32,19,0,1,0,52,4,2,0,6,35,0,63,59,0,0,50,13,7,7,13,0,46,44,45,1,27,16,50,53,0,0,50,32,4,29,1,2,51
2005/10,0,3,0,24,33,11,2,62,0,47,28,0,1,0,61,4,3,0,6,47,0,63,51,0,0,54,12,7,81,14,0,36,49,56,4,24,15,31,60,0,9,40,30,2,27,1,2,52
2005/11,0,6,0,26,35,13,2,64,0,50,26,0,1,0,71,4,3,0,7,48,0,67,93,0,0,70,16,8,24,19,0,61,41,54,3,27,16,33,79,0,0,51,29,2,31,0,2,100
2005/12,0,4,0,24,33,15,3,41,0,28,15,0,0,0,38,4,2,0,7,43,0,49,61,0,0,53,12,9,4,15,0,36,25,43,1,25,14,22,55,0,0,39,25,1,31,1,1,57
2006/01,0,5,0,29,30,10,3,48,0,23,12,0,1,0,32,4,3,0,6,51,0,63,39,0,0,56,16,9,4,28,0,30,24,47,1,24,17,33,76,0,0,57,41,2,30,1,1,47
2006/02,0,8,0,39,27,13,3,52,0,28,21,0,0,0,45,4,3,0,6,63,0,63,41,0,0,58,12,6,4,19,0,44,37,49,2,25,18,53,78,0,0,48,40,1,30,1,2,51
2006/03,0,12,0,54,33,16,4,54,0,38,29,0,0,0,58,4,7,0,6,42,0,70,45,0,0,83,16,8,4,19,0,38,46,53,1,28,18,70,100,0,0,48,34,1,32,1,1,67
2006/04,0,15,0,66,33,17,4,46,0,27,20,0,0,1,42,4,5,0,6,44,0,58,34,0,0,86,25,9,4,20,0,41,35,53,0,23,18,42,82,0,9,44,29,1,33,1,1,49
2006/05,0,19,0,69,29,11,4,47,0,34,28,0,1,0,53,4,4,0,6,23,0,57,46,0,0,100,33,9,3,24,0,42,42,55,1,25,17,47,80,0,7,51,32,1,36,0,1,65
2006/06,0,36,0,100,26,13,3,37,0,29,17,0,0,0,36,5,7,0,4,33,0,43,32,0,0,68,16,9,3,18,0,33,30,60,0,23,16,28,70,0,0,34,23,1,37,0,2,47
2006/07,0,66,0,99,23,13,2,31,0,12,0,0,0,0,15,5,49,0,3,48,0,27,16,0,0,30,7,8,3,13,0,33,16,79,0,19,14,6,66,0,0,20,21,1,39,0,1,18
2006/08,0,34,0,33,28,11,2,38,0,15,10,0,0,0,26,4,5,0,4,29,0,39,21,0,0,42,7,8,3,10,0,39,25,36,1,22,17,16,22,0,0,28,27,2,35,0,1,24
2006/09,0,24,0,46,39,10,2,51,0,21,14,0,1,0,35,3,3,0,5,42,0,43,40,0,0,51,11,7,6,13,0,37,37,39,1,23,17,35,24,0,7,40,28,2,31,1,2,45
2006/10,0,8,0,30,40,12,2,50,0,28,17,0,0,0,40,3,3,0,4,45,0,47,41,0,0,55,11,7,64,26,0,37,55,42,1,23,15,26,24,0,7,35,28,2,32,1,2,54
2006/11,0,13,0,54,46,13,4,45,0,32,13,0,0,0,47,4,2,0,5,57,0,50,64,0,0,73,13,6,21,27,0,34,72,45,1,23,15,27,35,0,6,32,25,2,34,1,2,80
2006/12,0,8,0,90,43,10,6,34,0,18,6,0,0,0,26,4,1,0,4,45,0,27,54,0,0,51,8,7,4,16,0,20,31,36,0,21,12,19,23,0,0,23,24,1,30,1,1,48
2007/01,0,5,0,36,35,13,4,42,0,13,8,0,0,0,23,4,1,0,4,43,0,49,23,0,0,74,9,6,3,15,0,34,23,37,1,23,15,28,27,0,0,39,41,1,31,1,1,37
2007/02,0,4,0,30,36,13,3,43,0,21,13,0,0,0,32,3,1,0,4,29,0,48,26,0,0,93,14,6,3,15,0,35,32,37,1,25,16,41,33,0,5,34,38,1,30,1,1,53
2007/03,0,4,0,32,43,14,3,49,0,24,19,0,1,0,40,4,1,0,4,40,0,50,26,0,0,85,14,6,3,16,0,29,38,37,1,25,16,55,29,0,7,55,33,1,35,1,1,53
2007/04,0,3,0,22,64,12,3,43,0,21,14,0,1,0,32,4,1,0,4,39,0,40,24,0,0,59,12,11,4,17,0,29,31,37,1,22,16,35,29,0,7,39,27,3,31,1,1,40
2007/05,0,2,0,25,40,13,3,43,0,27,19,0,0,0,41,4,3,1,4,43,0,50,33,0,0,80,12,12,3,18,0,36,39,42,1,24,14,39,39,0,6,48,30,2,31,1,1,52
2007/06,0,2,0,28,49,20,3,41,0,21,14,0,1,0,31,4,2,0,4,31,0,34,30,0,0,60,10,16,3,16,0,34,32,43,1,23,18,23,39,0,4,34,25,1,32,1,1,42
2007/07,0,4,0,18,42,25,3,39,0,9,4,0,0,0,14,4,3,0,4,28,0,21,14,0,0,32,6,19,3,10,0,33,22,37,0,26,14,7,38,0,0,18,22,1,34,1,1,17
2007/08,0,2,0,20,37,16,2,45,0,13,6,0,0,0,21,4,4,0,4,32,0,29,20,0,0,34,8,17,3,10,0,32,25,36,1,22,15,13,33,0,4,23,26,2,33,1,1,20
2007/09,0,3,0,42,43,14,3,62,0,21,14,0,0,0,33,4,3,1,6,48,0,41,25,0,0,53,12,15,5,12,0,37,39,36,1,28,15,23,29,0,7,46,27,4,32,1,1,39
2007/10,0,2,0,23,46,15,3,54,0,21,15,0,0,0,44,3,4,0,5,36,0,38,27,0,0,53,12,12,57,13,0,36,46,45,1,27,15,19,29,0,5,39,26,3,34,1,2,46
2007/11,0,3,1,24,46,15,2,42,0,27,15,0,0,0,50,4,6,1,4,43,0,42,44,0,0,66,13,9,19,15,0,38,43,37,1,25,14,25,37,0,7,36,24,2,36,1,2,66
2007/12,0,2,1,19,47,17,3,37,0,15,5,0,0,0,24,4,1,0,4,30,0,24,30,0,0,41,8,12,4,10,0,26,30,36,0,20,15,17,19,0,4,26,21,1,36,0,1,40
2008/01,0,2,0,20,52,18,3,41,0,14,8,0,0,0,26,4,1,0,6,23,0,38,20,0,0,68,12,9,3,10,0,24,29,35,1,24,16,28,23,0,100,34,38,1,37,0,1,35
2008/02,0,3,0,20,47,16,2,42,0,24,18,0,0,0,31,4,3,1,5,35,0,42,25,0,0,81,15,8,3,14,0,36,34,34,1,27,16,39,24,0,71,27,40,3,33,1,1,39
2008/03,0,3,0,20,51,20,3,36,0,17,16,0,0,0,31,4,2,0,5,37,0,34,15,0,0,60,13,9,3,11,0,30,30,34,1,28,16,43,23,0,31,28,27,1,33,1,1,35
2008/04,0,6,0,26,53,17,2,55,0,26,21,0,0,0,38,5,1,1,5,35,0,47,20,0,0,76,14,10,3,14,0,35,39,35,1,43,18,64,27,0,38,32,32,1,35,1,3,46
2008/05,0,3,0,27,55,13,7,68,0,25,24,0,1,0,34,4,1,0,5,34,0,47,26,0,0,58,10,9,4,21,0,32,38,34,1,34,17,47,29,0,20,33,27,1,35,1,2,45
2008/06,0,2,0,23,52,17,3,38,0,18,13,0,0,0,25,4,1,1,5,24,0,32,20,0,0,45,8,9,4,16,0,33,29,33,1,30,16,34,26,0,12,24,25,1,35,1,2,37
2008/07,0,2,0,16,40,16,3,33,0,9,5,0,1,0,15,5,1,0,4,28,0,22,15,0,0,27,6,9,3,10,0,30,21,32,0,27,15,12,25,0,8,17,21,0,39,0,1,17
2008/08,0,2,0,18,43,15,2,100,0,13,6,0,1,0,23,5,1,1,5,30,0,30,56,0,0,30,6,8,3,12,0,31,26,29,1,29,18,20,22,0,11,23,24,0,38,0,1,23
2008/09,0,3,0,30,61,14,3,65,0,25,23,0,1,0,31,5,1,1,7,35,0,40,100,0,0,41,8,8,6,12,0,39,34,36,2,28,18,25,22,0,24,30,25,3,36,0,1,44
2008/10,0,4,0,25,73,15,3,51,0,25,100,0,1,0,39,22,3,1,5,27,0,39,66,0,0,48,11,7,56,12,0,33,46,39,1,27,23,22,27,0,62,34,25,3,92,0,2,47
2008/11,0,3,0,24,72,17,3,40,0,30,86,0,1,0,48,12,7,0,5,45,0,42,69,0,0,53,10,8,16,15,0,32,34,38,1,30,20,26,30,0,48,36,24,2,57,0,1,60
2008/12,0,2,0,17,69,15,2,28,0,19,48,0,1,0,28,9,1,1,5,24,0,24,49,0,0,36,7,10,4,9,0,23,26,33,1,22,15,15,23,0,56,21,23,1,59,0,1,39
2009/01,0,2,0,28,70,19,3,36,0,14,55,0,5,0,32,9,1,1,6,27,0,40,32,0,0,67,9,8,3,9,0,26,26,35,1,23,20,20,41,0,30,29,39,1,60,0,1,32
2009/02,0,2,0,23,68,16,2,39,0,19,76,0,4,0,50,9,1,1,6,31,0,42,33,0,0,76,10,8,3,11,0,30,32,40,1,24,22,25,51,0,35,27,35,1,55,1,2,38
2009/03,0,2,0,27,74,16,5,42,0,22,75,0,1,0,47,12,2,1,6,30,0,45,36,0,0,66,10,9,3,14,0,30,43,53,1,26,22,38,61,0,20,25,30,1,64,1,2,39
2009/04,3,2,0,29,60,17,4,33,0,17,44,0,4,16,33,12,1,1,5,46,0,31,26,7,0,44,7,9,5,11,0,28,33,46,100,28,21,23,51,0,13,18,24,2,61,1,3,29
2009/05,100,2,0,29,58,15,3,40,0,21,60,0,2,11,41,9,2,1,5,33,0,42,26,0,62,49,6,15,4,16,0,32,36,53,18,28,20,32,62,0,59,25,27,2,50,1,2,33
2009/06,27,2,0,24,57,14,3,34,0,20,41,0,1,1,42,8,3,0,6,20,0,37,26,0,0,43,7,26,4,17,0,30,33,61,5,26,21,28,73,0,16,25,25,1,46,1,1,37
2009/07,12,2,0,17,45,15,2,26,0,7,14,0,1,0,24,7,23,1,5,18,0,19,12,0,0,25,5,23,4,10,0,30,22,55,1,23,20,5,77,0,7,13,21,0,53,1,1,13
2009/08,26,1,0,21,44,13,3,33,0,10,21,0,1,1,34,8,1,1,5,24,0,25,20,0,0,25,4,21,3,11,0,35,25,31,2,27,21,11,24,6,10,16,25,1,47,1,1,17
2009/09,66,2,0,31,51,14,2,55,0,18,38,0,1,1,40,6,1,1,6,32,0,30,31,0,0,35,7,25,5,11,0,38,30,31,4,24,22,18,23,18,14,27,25,2,38,0,2,35
2009/10,63,3,0,22,53,15,2,50,0,24,41,0,1,1,43,7,2,1,5,30,0,32,38,0,0,45,8,31,46,13,0,39,38,41,3,25,21,14,25,11,15,27,23,2,41,0,2,34
2009/11,83,2,0,23,53,16,2,50,0,32,44,0,1,1,45,7,1,0,5,28,0,35,41,0,0,53,8,26,15,34,0,38,36,33,2,25,22,16,23,0,16,34,22,1,39,0,2,50
2009/12,39,1,0,20,62,15,4,29,0,19,22,0,1,0,22,8,1,0,6,27,0,22,27,0,0,36,6,27,4,14,0,25,28,30,1,29,18,11,19,0,8,28,22,1,42,0,2,40
2010/01,42,1,0,19,53,14,3,40,0,13,19,0,1,0,21,7,1,1,6,28,0,37,20,0,0,65,7,27,5,11,0,26,24,36,1,25,23,15,25,0,7,28,34,3,36,0,1,23
2010/02,49,1,0,27,65,13,4,41,0,17,22,0,1,0,30,7,1,1,6,29,0,43,32,0,39,74,9,24,4,12,0,37,26,39,1,24,24,19,32,0,8,25,32,3,37,0,2,30
2010/03,39,1,0,25,69,15,4,45,0,17,25,0,1,0,30,7,1,1,6,26,0,36,39,0,0,53,8,11,4,13,0,33,34,43,1,26,25,31,40,0,9,21,27,4,37,0,2,32
2010/04,17,1,0,27,72,14,4,47,0,20,25,0,1,0,29,7,1,0,6,27,0,35,35,0,0,43,8,12,4,16,0,39,33,41,1,25,25,26,45,0,8,21,24,8,39,0,1,30
2010/05,13,1,0,28,73,17,5,39,0,20,31,0,1,0,32,9,2,1,6,28,0,36,45,0,0,52,8,12,4,20,0,40,32,42,1,25,25,48,48,0,7,21,23,2,42,0,1,36
2010/06,8,1,0,23,71,16,3,31,0,16,23,0,1,0,24,7,2,1,6,29,0,26,34,0,0,43,7,11,4,17,0,30,28,36,1,27,23,41,52,0,7,17,23,2,40,0,1,33
2010/07,4,2,0,20,68,17,4,28,0,8,6,0,1,0,18,8,17,1,5,28,0,15,20,0,0,22,4,11,4,13,0,28,22,34,1,25,22,13,42,0,5,11,21,1,40,0,1,14
2010/08,5,2,0,19,74,14,3,32,0,9,10,0,1,0,20,6,1,1,6,27,0,24,30,0,0,27,9,10,4,13,0,33,25,30,1,25,24,16,18,0,9,14,24,1,39,0,1,18
2010/09,8,2,0,30,77,12,4,45,0,17,15,0,1,0,29,7,1,1,5,24,0,30,36,0,0,35,10,9,5,13,0,31,27,34,2,24,23,17,18,0,10,16,25,2,34,0,1,34
2010/10,10,2,0,21,79,13,4,44,0,22,18,0,1,0,29,6,1,1,5,24,0,28,48,0,0,39,8,11,48,17,0,35,32,46,1,23,22,14,19,0,10,18,24,3,37,0,1,37
2010/11,10,2,0,20,78,16,4,44,0,28,22,0,1,0,32,6,1,1,5,23,0,29,54,0,0,45,8,11,18,19,0,34,30,39,1,24,22,13,21,0,7,26,22,1,35,0,1,51
2010/12,9,1,0,20,86,14,4,30,0,17,10,0,1,0,18,7,1,0,6,23,0,17,36,0,0,31,6,22,5,15,0,22,25,38,1,33,18,9,16,0,4,17,22,1,33,0,1,28
2011/01,8,1,0,16,88,15,4,39,0,12,7,0,1,0,21,7,2,1,5,25,0,28,32,0,0,55,10,11,5,14,0,25,24,37,1,29,25,15,23,0,5,18,31,1,37,0,1,32
2011/02,10,2,0,30,90,13,3,40,0,15,12,0,1,0,27,7,2,1,5,28,0,31,38,0,36,85,16,10,4,16,0,30,26,38,1,25,25,19,20,0,7,18,29,1,34,0,1,33
2011/03,37,2,0,24,74,15,3,43,0,18,16,0,1,0,27,7,1,1,5,24,0,33,43,0,0,59,11,12,4,16,0,29,29,42,1,32,26,39,32,0,7,19,26,3,37,0,1,39
2011/04,16,2,0,22,69,14,3,32,0,14,12,0,1,0,22,7,1,1,5,22,0,22,35,0,0,38,8,14,4,18,0,25,27,38,1,27,25,21,28,0,5,14,21,2,33,1,1,29
2011/05,8,2,0,25,60,16,4,34,0,17,22,0,1,0,29,7,1,1,5,26,0,32,44,0,0,39,9,15,4,22,0,27,32,38,1,25,24,26,34,0,7,18,22,2,36,1,1,37
2011/06,6,2,0,23,61,15,4,32,0,16,16,0,1,0,25,7,2,1,5,25,0,24,36,0,23,41,7,15,4,21,0,27,27,37,1,30,23,19,30,0,5,20,21,1,36,1,1,31
2011/07,2,2,0,15,59,16,4,25,0,7,6,0,1,0,16,7,5,1,5,23,0,12,23,0,19,22,5,16,4,17,0,22,21,42,0,25,22,5,27,0,4,10,17,0,34,1,1,14
2011/08,3,2,0,22,60,14,4,35,0,9,13,0,1,0,21,9,1,1,6,22,0,20,37,0,0,26,5,13,4,19,0,27,23,39,1,26,26,11,23,0,18,14,21,1,41,1,1,26
2011/09,6,2,0,30,74,13,5,49,0,16,17,0,1,0,31,11,1,1,6,28,0,29,58,0,0,35,7,13,9,24,0,28,29,41,1,27,28,15,24,0,19,18,23,2,49,1,1,43
2011/10,8,2,0,22,77,15,4,53,0,17,21,0,1,0,29,11,1,1,6,32,0,23,55,0,0,34,8,14,42,21,0,27,36,51,1,25,25,11,24,0,10,20,20,2,45,1,1,42
2011/11,9,5,0,28,74,16,4,47,0,23,21,0,1,0,29,12,4,2,5,34,0,25,52,0,22,43,7,15,23,25,0,28,36,47,1,26,24,12,32,0,11,26,20,2,45,0,1,48
2011/12,5,4,2,25,78,14,4,33,0,12,9,0,1,0,18,12,1,8,5,24,0,17,32,0,0,31,6,16,7,22,0,20,22,41,1,27,20,7,29,0,6,15,29,4,44,0,1,21
2012/01,47,4,1,19,71,14,5,40,0,12,8,0,1,0,21,11,1,5,6,24,0,26,30,0,0,69,11,15,7,19,0,22,25,47,1,23,26,13,42,0,12,21,34,1,41,0,1,22
2012/02,45,5,0,26,78,15,4,40,0,14,15,0,1,0,25,11,2,3,6,26,0,29,35,0,20,93,15,15,5,20,0,26,28,74,1,24,26,14,45,0,11,18,34,1,44,0,1,26
2012/03,16,6,0,25,100,16,8,39,0,15,16,0,1,0,26,9,1,6,6,26,0,29,37,0,0,53,9,15,4,21,0,27,36,54,1,29,25,31,57,0,9,17,31,11,40,1,1,31
2012/04,5,21,0,22,81,16,5,34,0,15,12,0,1,0,22,8,3,19,6,25,0,22,31,0,0,34,6,18,4,21,0,23,28,54,1,24,24,17,64,0,7,13,25,6,37,1,1,19
2012/05,4,44,0,22,82,16,4,36,0,22,21,0,1,0,31,9,6,100,6,29,0,31,46,0,27,38,7,20,5,24,0,32,30,55,1,27,24,22,83,0,9,18,26,3,43,1,1,31
2012/06,3,76,0,23,79,16,8,33,0,17,16,0,1,0,22,11,9,90,6,29,0,21,41,0,0,32,5,23,4,22,0,24,29,53,1,26,24,14,90,0,7,13,21,2,47,0,1,26
2012/07,2,45,0,20,71,17,3,30,0,10,5,0,1,0,16,10,46,75,6,23,0,12,28,0,0,17,4,21,4,17,0,23,31,46,0,26,23,5,83,0,4,9,19,1,45,1,1,11
2012/08,2,8,0,16,72,14,3,42,0,9,8,0,1,0,19,8,1,18,6,28,0,19,27,0,0,24,5,14,4,17,0,26,28,35,1,28,24,12,20,0,6,14,22,1,37,0,1,16
2012/09,5,7,0,28,81,15,3,47,0,15,13,0,1,0,25,8,1,15,6,25,0,28,46,0,0,29,6,20,6,17,0,51,29,37,1,30,25,13,20,0,8,20,25,2,37,0,1,36
2012/10,6,2,0,17,75,15,4,43,0,17,16,0,1,0,28,7,1,9,6,24,0,22,50,0,20,32,8,15,45,17,0,52,34,45,1,28,23,10,17,0,6,21,23,2,37,1,2,31
2012/11,6,2,0,30,64,16,3,42,0,19,15,0,1,0,27,8,3,17,6,23,0,21,41,0,19,36,7,15,19,18,0,32,31,40,1,27,21,11,17,0,7,24,23,5,35,0,1,36
2012/12,3,2,0,22,69,14,3,35,0,11,6,0,1,0,13,8,0,39,6,15,0,12,38,0,0,24,5,14,5,15,0,20,39,31,1,30,18,7,18,0,4,14,18,1,34,0,1,18
2013/01,7,2,0,13,73,15,3,39,0,10,7,0,1,0,19,8,0,14,7,26,0,22,51,0,0,70,10,15,5,15,0,25,40,37,1,36,26,11,17,0,5,19,33,1,33,0,1,19
2013/02,6,1,0,11,73,15,13,40,0,12,11,0,1,0,23,7,1,10,7,24,0,25,45,0,16,94,17,13,6,17,0,30,41,39,1,100,25,14,22,0,7,17,28,1,32,0,1,24
2013/03,5,1,0,13,72,16,3,38,0,11,11,0,1,0,21,7,1,12,7,24,0,24,36,0,14,39,8,13,4,17,0,26,39,46,1,40,25,25,28,0,5,14,24,1,32,0,1,22
2013/04,3,1,0,12,68,18,3,42,0,14,13,0,1,0,26,7,1,12,7,22,0,24,35,0,12,39,8,13,4,17,0,32,40,44,1,35,25,24,38,0,6,16,26,2,37,0,1,24
2013/05,2,1,0,14,64,17,3,35,0,13,17,0,1,0,26,7,1,10,7,26,0,26,36,0,21,37,7,12,4,22,0,32,43,39,1,32,25,20,29,0,7,15,23,1,35,1,1,27
2013/06,2,1,0,10,62,17,2,38,0,11,11,0,1,0,22,9,1,6,7,20,0,17,26,0,12,30,7,13,3,18,0,27,33,41,1,34,25,13,29,0,5,12,24,4,40,1,1,21
2013/07,1,1,0,8,62,23,3,31,0,7,3,0,1,0,17,9,10,6,7,22,0,11,16,0,0,20,5,14,4,14,0,27,30,41,1,34,25,6,24,0,3,7,22,0,41,1,1,11
2013/08,2,1,0,8,60,22,3,36,0,7,6,0,1,0,20,7,0,9,7,22,0,16,19,0,0,23,5,13,4,14,0,26,29,36,1,45,24,13,13,0,7,12,26,3,37,1,1,13
2013/09,4,4,0,10,63,50,3,44,0,14,9,0,1,0,26,8,0,18,8,22,0,22,27,0,0,29,6,13,5,14,0,30,35,40,1,34,25,13,13,0,15,23,35,2,36,0,1,26
2013/10,5,2,0,9,67,32,3,44,0,18,15,23,1,0,28,7,1,10,8,24,0,20,34,0,13,32,8,13,39,16,0,32,42,49,1,33,25,10,13,0,13,26,26,3,36,0,2,31
2013/11,5,1,0,10,65,31,3,47,0,20,12,0,1,0,25,7,1,9,7,25,0,20,34,0,17,32,7,13,18,17,0,26,38,43,1,36,25,11,15,0,7,37,23,2,35,0,1,40
2013/12,4,4,0,8,67,32,3,36,0,13,5,0,1,0,17,8,0,7,8,22,0,13,20,0,0,22,5,16,4,14,0,21,29,34,1,38,21,10,12,0,3,22,23,1,36,1,1,20
2014/01,53,1,0,9,78,32,4,43,0,10,7,0,1,1,25,8,0,7,8,25,0,23,22,1,0,65,10,13,4,14,0,25,30,41,1,34,28,12,12,0,3,24,37,1,36,0,2,22
2014/02,41,1,0,10,87,29,98,43,0,11,10,0,1,0,26,8,0,9,8,23,0,25,23,0,13,93,19,13,4,18,0,28,32,42,1,33,28,14,14,0,7,19,33,0,35,0,1,23
2014/03,8,1,0,10,80,24,20,44,0,13,12,0,1,0,29,7,1,5,8,24,0,24,28,0,19,47,9,12,3,19,0,29,37,47,1,40,28,30,21,0,6,17,27,1,38,0,1,27
2014/04,3,1,0,9,72,23,8,40,0,11,10,0,1,0,26,7,1,13,8,26,0,21,28,0,0,29,7,13,4,19,0,25,33,45,1,35,27,17,34,0,5,14,26,5,36,1,1,21
2014/05,2,1,0,11,70,23,8,40,0,13,19,0,1,0,27,6,1,12,8,28,0,25,34,0,17,33,8,15,3,24,0,28,29,49,1,35,28,20,20,0,13,18,27,7,35,0,1,28
2014/06,2,1,0,9,72,20,5,37,0,21,13,0,1,0,25,7,1,9,8,23,0,18,28,0,13,36,8,13,4,19,0,25,29,42,1,34,26,16,19,0,5,21,27,2,34,0,1,28
2014/07,1,1,0,8,60,25,4,36,0,7,3,0,1,0,21,8,1,5,9,28,0,11,16,0,11,24,9,19,4,15,0,24,25,43,0,37,27,6,14,0,3,13,24,3,36,0,1,12
2014/08,2,1,0,8,86,22,3,44,0,7,4,0,1,0,23,7,0,8,9,26,0,16,20,0,12,26,7,17,4,15,0,24,25,47,2,36,25,10,18,0,6,19,38,1,33,0,1,14
2014/09,4,1,1,9,77,20,3,51,0,15,8,0,1,0,30,7,1,12,8,23,0,21,35,0,12,29,7,15,5,15,0,29,28,45,1,33,27,10,16,0,6,22,39,2,34,0,1,32
2014/10,4,2,52,8,76,20,3,52,0,18,12,0,1,0,30,7,1,12,9,28,0,18,43,0,14,28,8,16,49,15,0,27,35,54,2,35,26,9,17,2,6,24,31,2,39,0,2,37
2014/11,3,2,100,8,72,100,3,53,0,24,10,0,1,0,25,8,1,36,8,28,0,19,38,0,19,29,7,14,17,37,0,25,32,45,1,34,26,10,20,0,6,29,27,2,38,0,1,40
2014/12,3,1,28,7,68,30,2,40,0,22,6,0,1,0,19,18,0,18,10,21,0,15,25,0,13,22,5,19,4,15,0,18,24,42,1,36,26,10,17,0,4,21,30,1,54,0,1,20
2015/01,5,1,15,9,67,25,3,47,0,17,8,0,1,0,24,12,1,9,13,23,0,22,29,0,17,62,9,20,4,15,0,25,24,51,1,33,33,16,35,0,4,17,43,1,43,0,1,23
2015/02,3,1,9,8,65,24,5,50,0,18,10,0,1,0,30,11,1,12,10,25,0,23,29,0,23,96,20,19,4,16,0,27,29,53,1,33,31,16,32,0,6,16,34,1,46,4,1,23
2015/03,3,1,6,9,69,26,4,45,0,16,12,0,1,0,27,13,1,12,10,25,0,21,28,0,21,43,10,22,4,17,0,27,30,58,1,35,30,27,42,0,5,15,31,1,49,2,1,25
2015/04,1,2,4,11,59,26,3,53,0,16,10,0,1,0,26,11,2,8,9,22,0,22,29,0,14,31,8,26,4,18,0,25,29,59,1,36,31,19,52,0,4,14,30,1,43,1,1,21
2015/05,1,1,4,15,58,21,3,42,0,20,17,0,1,0,27,10,3,6,9,23,0,24,33,0,14,30,7,26,4,22,0,29,27,54,1,32,28,19,48,0,5,17,26,2,41,0,1,28
2015/06,1,2,3,15,54,23,3,42,0,17,14,0,1,0,24,11,34,9,9,25,0,20,26,0,24,32,7,35,3,20,0,28,26,55,1,33,29,16,57,0,4,17,23,2,44,18,1,29
2015/07,0,1,2,9,51,24,100,39,0,9,6,0,1,0,21,17,2,24,11,23,0,12,17,0,0,19,4,21,3,14,0,24,22,48,0,33,30,6,14,0,3,15,22,0,54,18,1,11
2015/08,1,1,2,9,55,26,14,52,0,10,7,0,1,0,20,19,1,19,9,32,0,18,18,0,0,20,5,19,4,16,0,25,21,48,1,34,32,9,15,0,7,11,25,1,55,8,1,13
2015/09,2,2,18,11,50,23,8,53,0,17,10,0,1,0,23,14,1,13,9,27,0,22,29,0,0,31,10,20,7,15,0,26,25,51,1,33,31,10,13,0,8,14,52,5,46,6,1,26
2015/10,2,1,6,9,51,21,19,51,0,17,13,0,1,0,25,12,1,5,11,24,0,20,35,0,22,28,8,19,50,15,0,25,32,68,1,36,29,8,13,0,6,15,30,2,45,5,2,31
2015/11,2,2,5,10,50,23,7,50,0,24,12,0,1,0,25,12,1,5,9,32,0,18,30,0,21,29,8,20,19,19,0,26,36,52,1,36,28,9,14,0,6,31,24,3,42,3,2,38
2015/12,2,1,2,7,49,23,6,43,0,22,7,0,1,0,17,15,1,5,11,21,0,13,20,0,0,20,5,22,4,14,0,17,26,46,1,44,25,9,12,1,3,16,23,2,51,3,1,19
2016/01,4,1,2,7,47,30,97,42,0,18,9,0,1,0,20,22,1,9,11,28,0,21,24,0,11,54,10,20,4,14,0,17,23,49,1,30,31,17,20,0,4,13,34,1,49,3,1,21
2016/02,10,1,2,8,52,25,12,44,0,17,11,0,1,1,22,19,1,7,9,29,0,21,24,0,15,98,22,26,5,15,0,21,26,49,1,32,31,15,20,0,6,13,28,1,49,6,2,24
2016/03,10,2,1,8,46,23,9,41,0,16,11,0,1,1,19,15,2,4,9,27,0,21,23,0,15,36,9,23,3,17,0,19,32,52,1,31,29,20,27,0,6,11,25,1,47,14,1,21
2016/04,2,2,4,8,48,24,8,44,0,18,13,0,1,0,23,14,2,7,9,26,0,22,28,0,20,37,9,26,3,17,0,25,27,51,1,32,29,22,29,0,6,14,24,3,47,7,1,27
2016/05,1,2,3,10,44,25,8,40,0,18,19,0,1,0,24,14,2,6,10,27,0,22,32,0,24,35,8,28,4,21,0,26,30,45,1,27,29,18,29,0,6,17,25,3,50,8,1,33
2016/06,1,3,2,10,41,27,6,38,0,16,16,0,1,0,20,18,17,9,11,26,0,18,24,0,34,34,7,35,4,19,0,22,25,50,1,28,30,15,36,0,4,18,23,3,61,8,1,32
2016/07,1,2,1,7,37,35,8,35,0,8,4,0,1,0,17,16,1,12,12,31,0,10,15,0,0,18,5,23,4,13,0,20,20,42,0,36,28,6,14,0,2,9,21,1,49,12,1,13
2016/08,1,2,1,7,37,27,11,39,0,10,4,0,1,0,18,13,1,15,11,28,0,15,17,0,0,20,5,20,4,13,0,21,20,41,1,28,27,8,12,0,4,9,26,1,49,13,1,14
2016/09,2,2,5,8,40,22,4,48,0,18,9,0,1,1,25,19,1,23,11,36,0,19,29,0,16,31,7,20,6,19,0,24,24,49,1,27,30,10,14,0,6,12,34,2,57,30,1,31
2016/10,2,2,3,7,45,23,5,48,0,22,13,0,1,0,26,15,2,8,10,36,0,19,43,0,14,27,10,20,50,16,0,24,29,62,1,27,28,7,15,0,4,18,29,2,52,25,2,39
2016/11,1,2,2,8,50,27,4,46,0,26,14,0,1,1,23,33,42,7,9,34,1,19,34,0,23,34,11,21,19,39,0,26,31,52,1,25,35,9,14,0,6,28,25,2,79,100,2,46
2016/12,1,2,2,7,50,22,4,40,0,22,7,0,1,0,16,17,1,6,25,26,1,16,21,0,16,21,6,23,5,16,0,19,20,42,1,35,26,8,11,0,4,14,32,1,53,17,1,23
2017/01,3,3,2,9,45,34,14,47,0,20,11,0,1,1,21,26,1,27,37,27,1,27,23,0,17,55,12,23,4,39,0,24,25,44,1,30,33,15,17,0,5,16,44,1,68,82,1,27
2017/02,4,4,1,9,52,26,5,48,0,18,11,0,1,1,23,21,1,8,17,32,1,25,23,0,11,99,25,25,4,33,0,26,30,47,1,23,33,12,15,0,6,16,34,1,62,52,2,30
2017/03,3,4,2,10,52,23,3,50,0,20,15,0,1,1,25,21,1,5,14,32,2,27,25,0,30,51,14,26,3,27,0,29,30,53,1,29,33,24,26,0,7,13,30,1,62,22,2,34
2017/04,1,5,1,10,44,26,3,45,0,17,8,0,1,1,25,22,2,5,12,29,1,20,22,0,13,28,8,31,4,23,0,23,26,48,1,24,30,14,23,0,4,11,25,1,60,21,1,24
2017/05,1,6,1,10,42,27,5,42,0,20,18,0,1,0,26,19,2,5,12,34,6,28,32,0,19,34,7,32,3,25,0,32,27,48,1,26,31,17,31,0,6,16,30,1,61,19,2,38
2017/06,1,5,1,9,42,26,11,41,0,18,13,0,1,0,24,21,20,6,12,36,2,22,27,0,22,33,8,38,3,21,0,26,25,47,1,26,31,14,37,0,4,15,26,3,64,16,1,35
2017/07,1,3,1,7,37,29,12,38,0,11,4,0,1,0,19,23,1,5,12,34,2,14,17,0,0,20,7,27,4,16,0,23,20,45,0,32,32,6,14,0,2,7,24,1,65,13,1,15
2017/08,1,3,1,7,33,24,5,38,0,12,4,0,1,1,20,20,1,6,12,30,2,19,20,0,11,21,5,28,3,15,0,26,20,44,1,35,31,8,18,0,3,9,27,1,68,15,1,18
2017/09,1,4,3,6,42,20,5,46,0,19,8,0,1,1,23,18,1,10,11,34,1,21,27,1,15,24,6,26,8,18,0,24,23,45,1,30,27,8,16,0,5,10,33,100,55,14,1,28
2017/10,1,3,2,8,42,22,7,48,0,24,11,0,1,1,24,20,1,5,11,35,1,22,37,0,21,27,7,24,45,18,0,28,30,66,1,30,29,6,15,0,5,15,32,17,67,11,2,37
2017/11,1,4,1,8,42,22,7,46,0,26,12,0,1,1,25,20,1,6,13,44,2,22,37,0,30,34,8,26,21,22,0,28,30,53,1,46,29,9,22,0,5,26,43,7,63,10,2,50
2017/12,2,8,1,16,44,26,18,38,0,22,5,0,1,1,17,24,1,5,14,29,1,19,23,0,13,21,5,33,4,13,0,20,21,49,1,40,28,7,27,1,4,14,37,6,66,10,1,22
2018/01,3,12,1,14,34,23,13,42,0,18,7,0,1,1,24,23,2,5,18,37,1,31,25,0,9,53,9,38,3,16,0,24,22,53,1,35,32,9,38,0,4,14,47,4,67,13,1,25
2018/02,2,15,1,11,39,23,6,42,0,19,9,0,1,1,24,20,2,5,16,40,2,29,26,0,21,92,18,42,3,18,0,31,26,54,1,28,31,12,36,0,6,13,52,17,62,10,2,27
2018/03,1,17,2,11,39,26,5,43,0,19,11,0,1,1,23,19,2,5,14,38,2,27,26,0,26,43,9,43,3,22,0,29,24,55,1,32,33,18,34,0,5,10,38,3,60,11,2,28
2018/04,1,46,2,14,35,26,5,45,0,23,11,0,1,1,25,18,3,9,13,43,2,26,31,0,38,38,10,58,3,24,0,30,36,56,1,36,32,18,45,0,5,12,35,2,65,19,1,28
2018/05,1,52,2,15,38,27,4,42,0,24,19,0,1,1,29,22,4,7,13,43,2,29,40,0,20,41,9,64,3,23,0,32,31,54,1,34,34,17,48,1,5,16,36,8,73,10,2,36
2018/06,1,63,3,13,30,24,5,40,0,21,11,0,1,1,25,22,6,9,12,33,2,21,29,0,18,35,14,68,3,19,0,27,25,52,1,30,32,12,42,0,3,12,28,4,79,16,1,30
2018/07,3,100,2,12,29,29,13,36,0,10,4,0,1,1,21,34,63,11,14,34,2,18,18,0,0,18,5,100,3,14,0,27,20,51,0,28,36,6,34,0,3,7,30,5,86,15,1,14
2018/08,1,26,2,10,32,27,20,40,0,10,5,0,1,1,20,26,1,7,14,34,3,22,20,1,12,22,6,36,4,15,0,30,23,50,1,31,34,6,13,0,4,8,31,4,79,9,2,18
2018/09,1,18,5,7,38,25,6,49,0,18,9,0,1,1,24,22,1,8,13,36,3,28,34,0,23,30,7,34,7,16,0,31,25,50,1,25,33,9,12,0,5,11,34,7,65,8,2,33
2018/10,1,19,3,7,47,24,5,50,0,20,11,0,1,1,25,25,1,8,14,39,4,24,37,0,34,43,67,30,52,19,0,31,27,64,3,28,33,8,11,0,5,15,29,4,68,8,3,39
2018/11,2,30,2,9,43,24,11,45,0,23,8,0,1,1,25,29,2,8,16,39,3,24,38,0,22,50,100,36,20,22,0,30,32,52,1,33,32,8,10,0,4,21,31,2,70,11,2,43
2018/12,1,76,4,8,30,27,10,39,0,18,4,0,1,1,18,30,2,12,18,36,8,25,21,0,11,27,25,40,4,16,0,21,24,45,0,29,29,7,10,0,4,13,64,1,63,12,1,20
2019/01,2,69,2,8,32,25,8,44,0,21,6,0,1,1,24,33,1,5,100,41,100,37,22,1,14,48,18,35,4,16,0,24,23,50,1,66,35,12,10,0,4,14,65,2,67,10,1,23
2019/02,3,59,1,8,36,23,11,46,0,20,8,0,1,1,25,22,1,12,17,41,15,26,30,1,23,75,23,33,3,19,0,32,29,49,1,32,34,11,12,0,6,13,44,3,55,8,2,30
2019/03,1,47,2,8,39,23,5,45,0,19,9,0,1,1,25,23,1,4,15,45,7,29,30,0,14,60,19,31,4,21,0,32,30,51,2,29,35,15,13,0,7,12,50,2,57,7,2,32
2019/04,1,43,1,8,30,27,4,45,0,14,8,0,1,1,25,24,1,4,15,53,4,23,27,1,21,36,17,32,3,19,0,37,27,50,1,28,33,9,12,0,5,9,35,3,58,7,2,23
2019/05,1,42,1,10,31,25,3,51,0,21,13,0,1,1,27,24,1,7,12,43,3,27,33,2,17,43,15,30,3,22,0,34,32,47,1,29,32,14,15,0,6,12,36,2,57,7,2,29
2019/06,1,39,2,11,32,26,4,47,0,16,10,0,1,1,28,28,5,4,13,41,2,18,27,1,15,44,19,32,3,21,0,26,25,49,1,29,35,11,15,0,12,11,34,2,58,11,2,25
2019/07,0,32,1,12,22,26,9,42,0,8,3,0,1,1,25,27,0,4,13,40,2,17,17,0,0,26,13,29,3,14,0,26,20,51,0,26,34,5,10,0,40,6,33,5,63,7,1,15
2019/08,1,30,1,8,28,26,4,48,0,12,5,0,1,1,28,26,1,4,13,73,2,21,20,0,9,23,10,28,4,16,0,31,22,49,1,27,37,7,16,0,26,8,34,1,62,7,2,19
2019/09,1,37,7,8,33,24,3,52,0,18,6,0,1,1,30,21,1,4,13,46,3,25,36,0,20,37,12,27,8,17,0,31,26,56,1,25,34,9,10,0,12,12,36,4,56,6,2,33
2019/10,1,24,3,11,42,21,15,54,0,19,7,0,1,1,31,19,1,3,12,43,2,23,39,1,47,39,15,32,54,16,0,32,24,70,1,32,33,7,10,0,26,13,32,2,53,7,2,41
2019/11,1,25,2,11,39,24,5,46,0,22,7,0,1,1,32,19,1,3,11,67,2,22,40,1,26,31,10,25,29,100,0,33,24,55,1,32,33,8,9,0,28,22,32,2,51,7,3,49
2019/12,1,20,1,13,29,26,4,42,0,16,4,0,1,1,22,23,0,2,12,51,2,18,22,0,18,23,7,28,3,14,0,47,17,45,0,37,31,6,8,0,7,15,44,1,55,10,2,24
2020/01,4,23,1,8,28,23,4,66,8,16,5,0,2,2,28,25,1,2,14,43,2,31,23,3,11,41,16,25,4,16,0,56,21,52,5,35,35,9,8,0,6,19,63,5,53,17,2,25
2020/02,6,25,1,10,33,22,5,69,15,19,7,0,2,16,32,22,1,3,13,100,2,24,30,32,18,68,19,25,5,16,0,48,26,52,17,28,38,9,11,0,9,15,51,1,52,7,2,40
2020/03,25,40,1,12,31,22,5,99,81,15,20,57,61,45,39,80,1,3,29,99,1,25,25,56,84,49,14,26,8,17,0,40,27,59,96,32,50,25,11,0,73,13,46,2,100,10,6,44
2020/04,11,41,1,11,31,22,8,85,100,13,19,100,100,100,100,49,1,2,17,45,1,18,21,100,100,37,12,26,11,22,0,26,35,83,80,22,42,55,10,11,28,10,35,2,66,10,4,31
2020/05,4,28,1,14,33,23,5,65,31,17,19,83,62,57,72,39,1,3,12,40,1,20,24,39,65,37,11,27,7,26,0,27,30,79,60,20,44,19,13,14,15,25,27,1,56,7,3,35
2020/06,3,34,3,11,27,98,4,55,18,13,11,50,31,58,63,44,1,3,12,39,1,16,21,28,47,21,8,32,6,22,0,24,23,74,49,22,46,10,11,30,9,13,27,11,63,19,4,28
2020/07,2,32,4,10,21,31,4,51,15,9,4,42,22,74,53,37,1,3,13,37,2,13,13,25,16,13,4,29,5,18,0,21,19,72,41,23,43,5,9,20,6,6,29,3,60,10,6,15
2020/08,1,21,1,10,22,23,4,43,9,10,4,36,14,49,42,30,1,3,12,34,1,13,14,11,16,15,6,30,4,16,0,19,18,73,41,22,41,8,10,15,6,7,30,1,51,8,6,20
2020/09,1,21,4,10,34,20,3,47,7,12,7,69,12,33,40,26,1,2,11,44,1,17,23,5,26,24,8,29,6,16,0,23,21,76,42,19,40,9,12,29,6,24,29,2,49,6,5,31
2020/10,2,17,2,7,53,20,3,54,6,12,8,43,11,29,38,28,4,2,12,46,1,16,30,4,41,27,10,33,40,16,0,48,27,89,41,18,41,7,13,100,6,12,32,3,49,17,7,41
2020/11,2,17,1,10,38,23,3,46,5,14,6,55,10,28,35,33,100,2,12,39,1,16,28,4,52,23,8,27,26,17,0,84,22,68,35,20,41,6,10,21,5,34,31,2,51,55,6,46
2020/12,1,14,1,7,31,23,3,45,5,12,4,34,9,27,29,34,1,1,12,29,1,15,25,3,22,26,14,34,4,14,0,51,18,62,40,24,36,6,11,11,4,20,41,1,48,6,10,27
2021/01,2,29,1,10,29,33,3,48,5,9,4,15,9,36,37,33,2,2,13,31,1,20,19,5,14,28,14,36,5,16,0,33,18,74,40,20,39,6,18,12,3,15,56,1,47,17,12,27
2021/02,1,19,1,7,34,23,4,49,3,15,7,29,8,27,38,27,2,1,13,28,1,18,20,3,32,68,32,43,5,17,0,34,27,66,37,16,41,8,16,4,4,16,42,1,48,4,23,44
2021/03,1,20,1,7,37,22,3,48,3,11,9,31,6,19,42,28,2,1,16,49,1,21,23,1,25,47,26,46,4,19,0,30,29,65,32,21,44,12,19,8,5,14,42,4,53,2,22,45
2021/04,1,15,1,8,28,21,3,47,2,10,7,37,4,16,38,27,3,1,15,30,1,18,22,1,22,23,13,60,4,20,0,100,31,66,27,16,39,8,24,11,4,12,37,1,49,2,34,29
2021/05,1,21,1,9,30,24,3,54,2,15,10,38,4,14,36,26,5,2,14,33,1,20,26,1,26,24,11,61,5,25,0,62,29,64,28,16,41,10,29,8,5,22,35,1,46,2,51,32
2021/06,1,21,2,11,30,23,3,43,2,12,10,29,4,13,37,23,47,1,13,32,1,18,27,1,25,22,11,77,4,20,0,52,26,68,25,20,39,8,33,13,4,25,39,2,50,2,62,31
2021/07,1,15,1,6,19,23,4,46,2,6,2,14,4,20,35,25,1,1,14,35,1,13,15,1,10,13,5,28,4,13,0,61,17,60,19,16,39,4,9,13,3,6,34,1,48,2,100,16
2021/08,1,14,1,6,24,25,3,43,3,7,2,26,4,34,28,22,1,1,14,28,1,16,14,3,15,14,7,25,4,13,0,46,17,61,25,14,38,5,7,5,3,5,37,1,44,2,67,16
2021/09,1,14,3,6,32,23,2,47,2,9,5,24,3,25,28,20,1,1,13,28,1,19,24,1,16,23,15,25,7,17,0,38,21,66,32,17,38,6,8,2,4,12,36,12,48,1,48,25
2021/10,1,13,2,6,40,24,2,48,1,11,5,24,3,20,27,20,1,1,13,33,1,20,27,1,40,27,12,25,42,15,0,25,22,81,23,19,39,6,10,11,4,14,33,1,46,1,51,36
2021/11,1,15,1,5,41,22,3,43,1,14,6,36,2,15,29,26,1,1,13,33,1,35,32,1,50,23,13,25,26,16,10,22,26,62,20,17,38,5,9,7,4,17,34,1,53,1,37,48
2021/12,1,12,1,6,28,24,4,41,1,11,3,26,2,12,24,27,1,1,14,29,1,28,22,1,15,20,17,29,4,12,34,15,22,54,15,23,35,4,8,2,3,13,48,1,55,1,40,26
2022/01,1,17,1,6,34,23,5,45,2,9,3,21,4,32,29,24,1,1,14,32,1,39,24,5,11,28,15,25,5,15,100,16,21,64,26,17,42,6,9,3,6,12,75,1,41,1,70,31
2022/02,1,19,1,6,35,21,3,55,1,13,7,36,2,18,38,22,1,1,16,36,1,31,30,1,22,41,22,23,9,17,20,20,37,62,23,17,44,12,9,1,9,15,59,1,45,2,54,43
2022/03,1,16,4,8,39,25,2,59,1,15,10,30,2,15,37,25,1,1,21,52,1,36,35,1,40,46,25,29,9,20,5,24,42,64,22,16,48,17,13,11,7,20,51,7,47,1,33,60
2022/04,1,22,3,7,30,26,3,50,1,12,7,23,2,19,33,26,3,1,18,54,1,33,34,1,25,26,12,36,5,19,3,20,30,64,15,14,44,9,15,7,8,11,41,2,47,2,20,41
2022/05,1,14,1,9,32,26,2,51,1,14,9,27,2,12,38,23,2,1,16,51,1,34,39,1,26,32,15,32,4,22,2,31,33,59,16,16,45,10,16,4,11,14,45,2,46,1,14,49
2022/06,0,14,1,8,34,25,3,50,1,12,8,22,2,8,32,29,6,1,16,43,1,32,33,0,15,26,21,36,4,21,4,16,26,64,13,15,44,10,19,5,19,13,41,2,49,1,21,44
2022/07,0,14,1,6,25,26,4,43,1,7,3,11,2,8,25,34,1,2,16,35,1,37,19,1,9,15,13,41,4,16,6,12,18,64,9,14,45,6,14,3,29,6,40,1,48,5,15,24
2022/08,0,12,5,5,25,25,4,55,1,8,3,17,2,8,31,28,1,1,16,34,1,34,23,1,23,16,7,35,4,16,2,14,21,65,9,15,46,5,8,1,17,6,42,3,47,2,13,23
2022/09,1,14,8,7,28,22,3,48,1,10,5,13,2,10,33,24,1,1,14,42,1,36,30,0,11,23,9,28,8,17,1,17,22,69,14,19,44,6,11,0,13,11,39,22,44,2,12,36
2022/10,1,11,3,6,42,22,2,55,0,10,5,15,2,13,30,22,1,1,15,36,1,32,29,0,39,25,11,31,56,18,1,16,23,90,12,15,43,6,10,1,16,13,42,3,40,1,9,50
2022/11,1,17,2,5,37,22,2,44,0,15,5,20,2,4,31,28,2,1,14,41,1,32,37,0,39,22,11,33,25,17,1,18,22,65,12,16,45,6,9,2,11,18,40,4,46,2,7,59
2022/12,1,12,1,5,23,24,2,41,0,11,3,22,1,6,21,29,0,1,14,30,1,31,21,0,11,16,10,33,4,14,1,12,17,56,6,19,42,4,7,3,9,9,61,5,48,1,4,30
2023/01,1,13,1,8,80,23,11,44,0,8,3,0,1,4,32,61,1,1,15,35,1,46,26,0,6,23,11,28,4,15,1,13,17,68,7,15,67,6,9,3,10,9,96,2,54,1,5,37
2023/02,0,13,1,10,39,23,4,47,0,10,5,22,2,4,32,49,1,1,15,37,1,34,25,0,14,36,17,33,5,18,0,16,25,66,9,16,63,8,10,1,9,11,61,6,53,1,4,43
2023/03,1,14,1,7,43,24,3,49,0,10,7,21,2,3,32,84,1,1,15,50,1,38,30,0,36,36,29,35,4,19,0,18,26,66,10,17,91,11,12,1,10,13,53,4,68,3,4,57
2023/04,1,21,1,6,31,27,3,50,0,9,5,0,1,3,30,60,1,1,16,34,1,28,26,0,18,21,16,41,4,18,0,14,27,69,7,15,96,7,11,2,7,10,48,16,52,4,3,34
2023/05,1,14,1,8,37,27,3,50,0,14,8,32,1,3,32,66,2,1,15,33,1,29,28,0,23,27,21,42,3,23,0,22,26,70,16,17,100,9,15,1,8,13,49,3,57,1,3,41
2023/06,1,14,1,8,36,25,3,46,0,10,6,15,1,2,29,74,9,1,16,34,1,23,27,1,17,23,13,52,4,21,0,14,26,64,8,18,93,9,21,1,6,12,43,1,61,2,3,41
2023/07,0,14,1,6,21,28,3,42,0,6,2,0,1,1,29,86,1,1,16,33,1,20,17,0,0,13,8,42,3,16,0,9,21,64,6,15,95,5,10,1,4,5,45,2,63,1,2,21
2023/08,0,13,1,5,23,24,3,42,0,6,2,0,1,2,32,72,1,1,15,35,1,23,19,0,21,15,9,41,4,16,1,12,22,63,7,18,87,6,9,3,5,6,41,2,59,3,3,21
2023/09,0,16,5,8,35,23,8,46,0,9,4,11,1,2,36,61,1,1,16,37,1,27,37,0,10,21,15,69,8,17,0,13,23,65,12,16,78,7,10,6,6,9,44,6,56,1,4,56
2023/10,0,11,2,9,38,22,3,54,0,9,4,0,1,2,34,59,2,1,15,35,1,23,34,0,33,28,23,37,53,18,0,13,100,97,9,19,71,7,8,2,5,10,39,6,61,1,4,73
2023/11,1,12,1,7,36,23,3,50,0,11,4,18,1,2,37,58,2,1,15,34,1,27,35,0,26,25,20,54,21,18,0,15,59,75,8,20,68,6,9,1,5,13,44,2,57,2,4,73
2023/12,1,10,1,8,24,23,5,46,0,7,2,0,1,2,27,60,1,1,15,33,1,24,20,0,14,17,13,41,3,13,0,9,31,58,6,18,69,5,9,0,3,8,62,8,56,2,4,38
2024/01,1,12,1,9,31,21,4,47,0,6,2,0,1,3,34,56,2,1,16,37,1,47,26,0,15,20,18,39,4,15,1,9,29,65,7,17,67,6,11,3,4,10,100,3,54,2,4,61
2024/02,0,17,1,6,35,22,3,45,0,7,4,28,1,2,33,40,2,1,16,41,1,32,28,1,0,28,19,48,3,18,0,14,31,65,7,13,63,6,12,2,6,22,57,5,48,3,4,71
2024/03,0,12,3,6,36,22,4,46,0,10,3,0,1,2,32,46,2,1,17,45,1,28,25,1,13,21,16,51,3,17,0,13,30,65,7,14,61,8,16,0,4,10,44,2,51,3,3,58
2024/04,0,15,1,7,31,22,3,57,0,11,4,0,1,1,34,58,3,2,17,44,1,27,28,0,13,21,17,60,3,20,0,15,29,70,7,14,63,6,21,0,5,11,47,3,58,2,3,59
2024/05,1,16,1,10,30,23,3,43,0,11,4,0,1,1,30,45,6,1,19,59,2,23,28,1,13,22,17,73,3,21,0,14,26,59,6,17,58,6,25,0,5,11,43,2,49,4,3,61
2024/06,0,19,1,9,32,23,4,41,0,8,3,0,1,1,25,93,52,1,17,43,1,21,21,0,11,20,14,88,3,18,0,11,24,67,6,14,88,6,27,0,4,16,41,2,79,4,2,52
2024/07,0,9,1,6,23,26,4,46,0,5,1,0,1,2,36,61,5,1,17,28,1,18,11,0,8,14,8,38,3,16,0,9,25,61,4,13,67,4,12,2,3,5,39,1,64,24,2,20
2024/08,0,11,1,5,22,24,4,46,0,6,2,0,1,2,26,77,1,1,17,27,1,22,15,1,8,14,7,34,3,17,0,9,23,62,8,13,77,5,7,0,20,7,40,3,78,4,3,22
2024/09,0,20,8,6,31,23,3,49,0,7,3,0,1,1,28,63,1,1,17,38,1,21,26,0,9,17,10,38,7,16,0,10,25,65,7,12,67,5,8,1,6,14,41,5,68,5,3,48
2024/10,0,12,3,6,38,22,3,54,0,8,2,0,1,1,33,52,2,1,16,44,1,22,30,1,22,21,19,32,47,19,0,10,25,100,7,12,59,6,8,0,5,12,45,2,58,5,4,60
2024/11,0,5,1,5,35,21,2,46,0,10,2,0,1,1,31,63,19,1,16,37,1,22,31,1,14,22,17,35,22,20,0,11,25,71,7,12,63,5,8,0,4,12,44,2,67,26,4,70
2024/12,0,3,1,5,26,23,2,45,0,6,1,0,1,1,24,45,1,1,17,31,1,25,18,0,0,15,12,38,3,14,0,7,23,54,5,10,53,4,7,2,3,7,57,1,54,7,3,36
2025/01,0,4,1,6,31,25,3,61,0,5,1,38,1,2,29,46,1,1,18,40,2,42,19,0,4,21,30,34,3,16,0,8,23,63,8,10,59,5,7,0,4,9,93,4,59,33,3,48
