date,MU,FU,MU_raw,FU_raw
2005-01-01,0.5184342504121432,0.15884786651754237,0.543029295357752,0.565365925202032
2005-02-01,0.11139246203211951,0.24303794381355912,0.4924470457719887,0.5722042424222373
2005-03-01,-0.27973383171842525,0.1383247414122555,0.4438425821153634,0.5636989396815596
2005-04-01,-0.38271681397851404,0.33834428997224986,0.4310450977772131,0.5799454757013124
2005-05-01,-0.4226458878624232,0.37510420887689583,0.4260831935241819,0.5829312905922424
2005-06-01,-0.2947831397410479,0.3697070045264355,0.44197243542226117,0.5824929040669402
2005-07-01,-0.3776560569015977,0.1886443878909358,0.43167398769678694,0.5677861399322486
2005-08-01,-0.4661012043897493,0.016748337387284234,0.42068309031816564,0.5538239277571563
2005-09-01,-0.5228740900233054,0.024247654621989474,0.41362804006828946,0.5544330578569607
2005-10-01,-0.4617819153424637,0.10860304095454051,0.42121983952392256,0.5612848022608378
2005-11-01,-0.5184461784986489,0.012197619713066743,0.41417828756689457,0.5534542968928624
2005-12-01,-0.34223962467449587,-0.20587660753324885,0.4360751152111836,0.5357412742736041
2006-01-01,-0.6770413896310498,-0.42996753291546735,0.39446998541803435,0.5175395469067915
2006-02-01,-0.6151841819539378,-0.6420505500641734,0.4021568539576372,0.5003131587757793
2006-03-01,-0.627130370720828,-0.8101679132565159,0.4006723255405172,0.4866578694987364
2006-04-01,-0.596298165599325,-0.7729286415937803,0.4045037805391358,0.48968261969327315
2006-05-01,-0.5492289083653965,-0.26871837074690225,0.41035298075687915,0.5306369683347815
2006-06-01,-0.5547766176350658,-0.1335957730327647,0.4096635782853922,0.5416122663326511
2006-07-01,-0.681794901477545,-0.317922764226125,0.39387927623413155,0.526640354220084
2006-08-01,-0.7400943075828359,-0.2603065216237245,0.38663452841092666,0.5313202186008495
2006-09-01,-0.6350509572361942,-0.4207926475242059,0.3996880504723961,0.5182847745960817
2006-10-01,-0.8253213722895643,-0.5725419135021599,0.37604353559022663,0.50595897977537
2006-11-01,-0.6493514643699871,-0.6343613802350437,0.3979109557325087,0.5009377096033875
2006-12-01,-0.8306315574053553,-0.6227742946658776,0.37538364975898914,0.5018788676272841
2007-01-01,-0.8239367263457742,-0.6967413368112245,0.37621560270646903,0.49587091378906956
2007-02-01,-0.7762400625913906,-0.7694715046684126,0.38214276944783565,0.4899634247445172
2007-03-01,-0.40184051472162097,-0.7214203854670832,0.42866863464343735,0.493866364454731
2007-04-01,-0.578638754712369,-0.6225908922386212,0.4066982793707585,0.5018937644419303
2007-05-01,-0.6747570280447142,-0.43279911484381134,0.39475385835492377,0.5173095523981401
2007-06-01,-0.8365043596737426,-0.5028578553591693,0.3746538486462099,0.5116190493474352
2007-07-01,-1.0381920411789514,-0.5154412924197405,0.34959053343999386,0.510596962931739
2007-08-01,-0.8715544534033415,-0.6271962544815548,0.3702982452667855,0.5015196950866974
2007-09-01,-1.0194835473002017,-0.7596029668937119,0.35191539966691093,0.4907649941689721
2007-10-01,-1.0658869528516466,-0.6717568958759843,0.3461489434743561,0.49790026853219366
2007-11-01,-0.9360774561884934,-0.6396411561041231,0.362280103827572,0.5005088611760674
2007-12-01,-0.6553616730275642,-0.4040727008608751,0.39716407940909726,0.5196428479327619
2008-01-01,-0.849641188419334,-0.5517686079163457,0.37302136183688367,0.5076462861405677
2008-02-01,-0.8101800804451947,-0.2712423936062484,0.37792511292451186,0.530431955231841
2008-03-01,-0.7349966242626973,-0.4089141276763887,0.3872680070791358,0.5192496042937701
2008-04-01,-0.7253303534278073,-0.27180906535514054,0.3884692147631918,0.5303859274658249
2008-05-01,-0.7810777749624455,0.13034785012499886,0.3815415968371543,0.563051018753045
2008-06-01,-0.9881596172378327,0.31573085400289413,0.35580796031707806,0.5781087052223693
2008-07-01,-0.8893593713596013,0.4006041012382799,0.36808566456959985,0.5850025127439351
2008-08-01,-0.7833069202881993,0.03707238493360483,0.3812645855119069,0.5554747432544697
2008-09-01,-0.686853597915344,-0.06370173910249362,0.39325064238596147,0.5472893911336472
2008-10-01,0.33543336915928196,0.6409309490234144,0.5202881505559198,0.6045229987022549
2008-11-01,0.7952681547586692,0.5254884786432872,0.5774308778075222,0.5951462139492515
2008-12-01,1.9259635029585258,0.9446241752720002,0.7179400735235892,0.6291904023371685
2009-01-01,2.6556019871281284,1.1832735545447783,0.8086107539481452,0.6485746363500949
2009-02-01,2.163699454437533,1.2266559458293185,0.7474830334272369,0.6520983598446307
2009-03-01,2.4420213934575297,1.0286135890806014,0.7820695308989888,0.6360124207175873
2009-04-01,4.193693750445599,1.0468958464622864,0.9997462679885243,0.637497392337673
2009-05-01,2.118044128979556,0.647234834397722,0.7418095396161332,0.6050350301588571
2009-06-01,1.4574347108939385,0.9572952724574808,0.6597169598903497,0.6302196089238035
2009-07-01,0.9489799329979627,1.1094626330100512,0.5965323257500427,0.6425793633680373
2009-08-01,0.7399157706686409,1.0129841319934072,0.5705523503758502,0.634742922114254
2009-09-01,0.7889511334051793,1.0729137038062742,0.5766458744986175,0.6396106860609068
2009-10-01,0.8338161681996962,1.3019406552250328,0.5822211605071672,0.6582133408639346
2009-11-01,0.6169594913903085,1.3860426763988216,0.5552728253144409,0.6650445057484216
2009-12-01,0.5398307164742804,1.03533061000655,0.5456881903840236,0.636558009002355
2010-01-01,0.457900841557404,3.2499068743954957,0.5355069325872033,0.8164363924249278
2010-02-01,0.31284181500519215,4.174251169497016,0.5174807443795162,0.89151601835716765
2010-03-01,0.0029567093023706303,3.4604244034736102,0.4789719568126325,0.8335356241929222
2010-04-01,-0.23312990242388093,3.0904114457038983,0.44963395698288205,0.8034814175443264
2010-05-01,-0.17808137249042658,3.0903139180542256,0.45647472508068654,0.8034734958862448
2010-06-01,-0.16464044100265796,3.596289838711408,0.4581450021151042,0.8445712589762303
2010-07-01,0.03813053691014495,3.376616516769661,0.483342936347741,0.8267283503045568
2010-08-01,-0.41110893345893645,2.7901071451219805,0.42751686722490745,0.7790892785188381
2010-09-01,-0.6743141951160475,2.3288344337075677,0.39480888829622723,0.7416225220199077
2010-10-01,-0.5918075804229856,2.0251737806343595,0.4050618163641054,0.7169577641327266
2010-11-01,-0.5614978265802281,1.4699418426559225,0.4088283474120823,0.671859193794847
2010-12-01,-0.24468888844844386,1.3507992354440952,0.4481975454577172,0.6621818663861532
2011-01-01,0.41148531293097046,2.2067204786080477,0.5297389698849427,0.7317038476487187
2011-02-01,-0.07141259588479905,2.6595840766055208,0.4697302355351475,0.7684875760886115
2011-03-01,-0.1867902000943333,2.234466631165442,0.45539249690649003,0.7339575217029727
2011-04-01,-0.5649560856495894,1.8719983304024537,0.4083985966386424,0.7045161278654191
2011-05-01,-0.6259468105115579,1.5149390584065845,0.4008194041442727,0.6755140809883478
2011-06-01,-0.6694516675473304,1.4515165776028927,0.39541314464071065,0.6703626064137004
2011-07-01,-0.7647523422415085,1.3671024113742418,0.3835703249335311,0.6635060876279887
2011-08-01,-0.8146276917182735,1.1661183618224829,0.3773724173785074,0.6471812102650192
2011-09-01,-0.7783513010405204,1.1939727274463625,0.38188041016872093,0.6494436738975675
2011-10-01,-0.7928795818680391,0.9233657883271111,0.3800750104583022,0.6274636953642329
2011-11-01,-0.37373025237666396,1.0809907148243127,0.43216183938664765,0.6402667391886196
2011-12-01,-0.739680634225405,0.7054543774482338,0.3866859347520196,0.6097638974622446
2012-01-01,-0.7570938685673622,0.31099276916361307,0.3845220277755744,0.5777238555086278
2012-02-01,-0.9480243278343021,0.2160010525402128,0.36079549055048704,0.5700081779320567
2012-03-01,-0.8109576602574746,0.16270228596445546,0.3778284846734074,0.5656789994231786
2012-04-01,-0.8161913784857007,-0.10167919050303512,0.3771781012257145,0.5442046824811214
2012-05-01,-1.0169138274810523,-0.1787332861081269,0.3522347334870944,0.5379459835252935
2012-06-01,-0.9902392379005858,-0.010394674319391941,0.35554953011553603,0.5516192436622673
2012-07-01,-0.7889555861871504,-0.28917476998380687,0.3805626373668172,0.5289754026056841
2012-08-01,-0.7647482760734404,0.14658989914172157,0.38357083022791105,0.5643702749771716
2012-09-01,-0.7416395445224252,0.059607924026989584,0.3864425049804614,0.55730518657984
2012-10-01,-0.7889848336023946,-0.02846398168847585,0.38055900285041167,0.5501515688517937
2012-11-01,-0.8781588745292842,-0.05728371918498061,0.36947752737663603,0.5478106931389564
2012-12-01,-0.8428693738094252,-0.14703813546250757,0.37386288137253176,0.5405204139263355
2013-01-01,-0.787288046827007,-0.18728236292783912,0.38076985906865907,0.5372515869751212
2013-02-01,-0.6202351141519103,-0.26755913535039294,0.4015291849556523,0.5307311269295806
2013-03-01,-0.6569256070530793,-0.4767707090263569,0.396969732530048,0.513737971050838
2013-04-01,-0.8821572297124273,-0.5154708131066348,0.36898065996503393,0.5105945651215928
2013-05-01,-0.759897631388296,-0.14770600679580476,0.3841736099107842,0.5404661662502904
2013-06-01,-0.8438326044433299,-0.2259599807201122,0.37374318267396145,0.5341100074887946
2013-07-01,-0.9905279849131939,0.9673845209109001,0.3555136481155158,0.6310391055159655
2013-08-01,-0.8245888257357691,1.4561261321952528,0.376134567650509,0.6707370162914296
2013-09-01,-0.8328962768567255,1.064863781723536,0.37510221770999275,0.6389568332249467
2013-10-01,-0.9287933758394206,0.9639488893582264,0.36318528157771385,0.6307600472330479
2013-11-01,-0.9575516732569607,0.8584619479379612,0.3596115468429462,0.6221918977409804
2013-12-01,-0.9111808076100529,0.7082023862467051,0.3653739593681927,0.6099871037650704
2014-01-01,-0.8816148479701839,0.3431433013345395,0.36904806063356504,0.5803352741561032
2014-02-01,-0.7185654392092862,0.014313982029766017,0.38930987680133133,0.5536261978738247
2014-03-01,-0.6532265641478369,0.45289113216768284,0.3974294050177454,0.5892495132870129
2014-04-01,-0.7714552492807677,0.1429427614284569,0.3827373684005929,0.5640740371611475
2014-05-01,-0.7525682017732034,-0.14968299442898234,0.3850844231213575,0.5403055859418943
2014-06-01,-0.8597616979039576,-0.36130596147260574,0.37176370684592147,0.5231165652614984
2014-07-01,-0.9167225864492942,-0.3869837504901437,0.36468529385915194,0.521030893499991
2014-08-01,-0.8468255136804985,-0.36772876942938837,0.37337125997132076,0.5225948743489398
2014-09-01,-0.9027740042056053,-0.3099619414950784,0.3664186556135453,0.5272869699842828
2014-10-01,-0.9081467555291353,-0.4592168369292991,0.3657509948077823,0.5151637797648569
2014-11-01,-1.0065021164287757,-0.4155793540667223,0.3535285755006063,0.5187082230067411
2014-12-01,-0.7375763729774869,-0.36013509778753167,0.3869474269886262,0.5232116683610241
2015-01-01,-0.17448784221706182,-0.2812962624816865,0.45692128572966745,0.5296153323367359
2015-02-01,0.3270598009633006,-0.110538306341021,0.5192475843818711,0.5434851030920007
2015-03-01,0.1770527890583756,0.004698750150745942,0.5006065201658663,0.5528452031551314
2015-04-01,-0.3108474598245827,-0.1953580700355021,0.4399761552586817,0.5365956397571908
2015-05-01,-0.3962329562126148,-0.2981053672640197,0.4293654744573498,0.5282500171549347
2015-06-01,-0.558032568929128,-0.2707233119381086,0.4092589678849446,0.5304741175058754
2015-07-01,-0.5858067038853226,-0.00580779198204733,0.40580753300408345,0.5519918119919558
2015-08-01,-0.44002580443821915,-0.0685957972183186,0.4239234268783163,0.5468918725309209
2015-09-01,-0.48490612311006964,0.062367959913808835,0.4183462415736255,0.5575293697798014
2015-10-01,-0.4806300051352785,-0.09455167692986347,0.41887762599860034,0.5447836129248279
2015-11-01,-0.7129838986663888,0.20727326215379796,0.39000348341586966,0.569299265418722
2015-12-01,-0.7054659659358684,0.36030186255397895,0.39093772152261935,0.5817289738464869
2016-01-01,-0.4565744912791826,0.028416694356811465,0.42186695544957753,0.5547716870294951
2016-02-01,-0.2615081098132187,0.15193244782489473,0.44610745525764917,0.5648042221100561
2016-03-01,-0.3375432080095198,0.011808582661700063,0.43665872929378674,0.5534226974591393
2016-04-01,-0.5099390162011068,-0.015529976215004026,0.41523545520639776,0.5512021300960184
2016-05-01,-0.5215206403765855,-0.10553323689187606,0.4137962304845723,0.5438916385615201
2016-06-01,-0.6171323155254069,-0.29795143194022805,0.4019147633876968,0.5282625205117351
2016-07-01,-0.6369623716503692,-0.3613440174419147,0.39945052291694677,0.5231134741752491
2016-08-01,-0.6700708085065086,-0.5076361677855694,0.39533620526146274,0.5112309321583502
2016-09-01,-0.7172164695960163,-0.6185351426000282,0.38947751049303064,0.5022231916557446
2016-10-01,-0.6048730389469014,-0.7980743133210697,0.4034381985860896,0.48764016902082924
2016-11-01,-0.5530442662274335,-0.6663760299053928,0.4098788540476667,0.4983373279768232
2016-12-01,-0.4360033914640165,-0.19556710164217803,0.4244232839023528,0.536578661219085
2017-01-01,-0.33638603130126615,-0.6087718602721799,0.4368025292738936,0.5030162117337937
2017-02-01,0.5844532225694435,-0.7819239996709432,0.5512333378477049,0.4889519740635668
2017-03-01,0.7051878879298455,-0.6389529469536902,0.5662367874964958,0.5005647607860412
2017-04-01,1.2003690554015354,-0.6989023184485766,0.6277719372483386,0.4956953886153452
2017-05-01,0.6013712452297296,-0.9620404641566291,0.5533357058824612,0.4743220608921574
2017-06-01,0.5537818760270881,-1.0797493594640875,0.5474218724153439,0.46476118636151453
2017-07-01,0.283745811537846,-1.1480714586691423,0.513865043605424,0.45921174155138833
2017-08-01,0.309832298406855,-1.3392292224594091,0.5171067579141082,0.4436850017040456
2017-09-01,-0.017699769027941004,-1.4868051021295927,0.4764050185466006,0.4316981891051301
2017-10-01,-0.1486791216812037,-1.565840171515929,0.46012848258488365,0.42527858606706187
2017-11-01,-0.30727053869777055,-1.27507889958345,0.4404206519230293,0.44889559506247645
2017-12-01,-0.18336087636536255,-1.177159995085161,0.4558186519444274,0.45684903271594174
2018-01-01,-0.1005693200237688,-1.283727984411774,0.46610698912752385,0.4481930753877102
2018-02-01,0.23482161779553107,-1.2588615626631467,0.5077853342259399,0.45021284405297274
2018-03-01,0.03817493485620826,-1.2925049541002211,0.48334845358958933,0.44748016829830706
2018-04-01,-0.044003139405763746,-1.4576915485953288,0.4731363525683654,0.43406292994952583
2018-05-01,0.03666981216917602,-1.3849027893524402,0.48316141507515165,0.4399751780642045
2018-06-01,0.12773673219880702,-0.8262874216266922,0.4944781147591775,0.4853485666068832
2018-07-01,0.006360169272122702,-0.864333966993018,0.4793948978141702,0.48225824581488436
2018-08-01,0.5762716807317436,-0.8228814757446373,0.5502166343960079,0.48562521367889444
2018-09-01,0.1468034782001367,-1.0580665976871553,0.4968475002438128,0.466522363070255
2018-10-01,0.027456348281698163,-1.1473696022830668,0.48201647678328585,0.45926874965454206
2018-11-01,0.011329029537153607,-1.0643615670004019,0.4800123679050984,0.46601105581840296
2018-12-01,-0.2226543697742613,-0.9432358953485829,0.4509357299756151,0.4758494571225524
2019-01-01,-0.2934899401784714,-0.2774376531514168,0.4421331386839552,0.5299287468800727
2019-02-01,-0.13289613185332821,-0.6753460800601492,0.4620898024136424,0.49760873797655863
2019-03-01,-0.31486681780163556,-0.8751573567831193,0.43947667787288563,0.48137911878281847
2019-04-01,-0.3683782908175809,-1.0551797590494343,0.43282691669095186,0.4667568457908121
2019-05-01,-0.4261610103595793,-1.180457581212357,0.42564637644900316,0.45658118713694995
2019-06-01,-0.44044984268687687,-0.8175243007700945,0.4238707325134137,0.4860603488285067
2019-07-01,-0.30553464336696695,-0.8012560736483051,0.44063636808137985,0.48738173136243634
2019-08-01,-0.40724214302596257,-0.9627914502755833,0.4279973853543972,0.4742610622391769
2019-09-01,-0.4548986374626251,-1.045029551554281,0.42207521037189333,0.4675812937653485
2019-10-01,-0.4576617377116405,-1.1232986707913248,0.421731845561655,0.4612239048297488
2019-11-01,-0.30400682516914007,-1.2216061452511122,0.4408262269204728,0.45323890568181396
2019-12-01,-0.2958191261445615,-1.2168814694255352,0.4418436955131758,0.4536226662518908
2020-01-01,-0.33741707630413226,-1.1125003281059584,0.43667440342254876,0.46210099741722066
2020-02-01,-0.004590817705981752,-1.1647890080501972,0.4780340410855737,0.45785386293333996
2020-03-01,0.17913811050204684,-1.162140143559981,0.5008656587917801,0.4580690162654096
2020-04-01,0.8656737550030973,-0.8408412175050153,0.5861800375878302,0.48416643830660666
2020-05-01,1.7718308407701233,0.2323343139372466,0.6987863231945124,0.571334842858147
2020-06-01,1.8697826629409653,0.5697443743195264,0.710958595570144,0.5987408876117349
2020-07-01,2.0419363064257112,1.6120809553302144,0.7323517763452687,0.6834044064028334
2020-08-01,3.992864059445179,1.7888350764816365,0.9747895735055224,0.6977612141078813
2020-09-01,3.1875144847198746,0.9998118964313544,0.8747104308831654,0.6336730106927942
2020-10-01,2.742714639369684,0.8555540937991639,0.8194360648708809,0.6219557080417921
2020-11-01,2.6824107435092825,0.3592643941819106,0.8119422232101892,0.5816447057467061
2020-12-01,2.4366322526187765,0.2737315601162634,0.781399833401728,0.5746973234557083
2021-01-01,2.490101363676677,-0.11059811969809699,0.7880443303498756,0.543480244767566
2021-02-01,2.978791341361844,-0.24126118245222006,0.8487728332382669,0.5328671713416485
2021-03-01,3.653644992218861,-0.1594446431700708,0.9326355146041502,0.5395126985515065
2021-04-01,3.1635909438270318,-0.10800187988578731,0.8717375014421046,0.5436911236738042
2021-05-01,2.7887336878589735,-0.1711202249536391,0.8251547577983288,0.5385643524455187
2021-06-01,1.954959766192706,-0.12902930878571175,0.7215433797831334,0.5419831762082447
2021-07-01,1.4166569520221033,-0.04174434427454386,0.654649591291631,0.549072874840817
2021-08-01,0.8870442530718584,-0.30994130974048756,0.5888357056247369,0.5272886457932051
2021-09-01,0.5778756252510159,-0.388706353930048,0.5504159532971911,0.5208909754817991
2021-10-01,0.42454043826214216,-0.14361939333859175,0.5313613035782544,0.5407981003697773
2021-11-01,0.642328663570478,0.1814211063403333,0.5584254003955121,0.5671994307593825
2021-12-01,0.6780717978847365,-0.07173965244356609,0.5628671265093266,0.5466365137046182
2022-01-01,0.7111656677793889,-0.30696521215013417,0.5669796339583338,0.5275303785490686
2022-02-01,1.365495215434454,-0.43309566821506246,0.648291827044336,0.5172854649273779
2022-03-01,1.330358522957779,-0.4370233448406799,0.6439254622159315,0.5169664404108673
2022-04-01,1.2899165871665326,-0.5187890725025718,0.6388998256638083,0.5103250403617027
2022-05-01,1.1334005464523473,-0.22600289707042087,0.6194498977655234,0.5341065216193576
2022-06-01,0.7182415114937631,-0.09859892997491512,0.5678589345682657,0.5444548758446232
2022-07-01,0.6279121774513662,-0.3099481690235343,0.556633893184597,0.5272880886497164
2022-08-01,0.4131006212432072,0.2575045249433253,0.5299397009414092,0.573379286727154
2022-09-01,0.7666446784836464,0.019940332069015507,0.5738738970200763,0.554083196698342
2022-10-01,0.5398767106186925,0.16089353752306482,0.5456939059821724,0.5655320842995555
2022-11-01,0.8935975668257589,-0.10295695737532239,0.5896500725064098,0.544100896197906
2022-12-01,0.433250036856785,-0.40386519822747474,0.532443627561891,0.5196597022804095
2023-01-01,0.20316490542498966,-0.24584673112484376,0.5038514193997391,0.5324947113385315
2023-02-01,0.4330528916163456,-0.2940631812016828,0.532419128726535,0.528578342670781
2023-03-01,0.5680881716561229,-0.30709096032212824,0.5491996864796825,0.5275201646863715
2023-04-01,0.2991958855697876,-0.5224341518257575,0.5157849926698983,0.5100289697378795
2023-05-01,0.25914802337493653,-0.4632603385966345,0.5108083268366965,0.5148353473893355
2023-06-01,0.21653564122988417,-0.3728841359782018,0.5055129733603783,0.522176131036432
2023-07-01,0.07037123737858118,-0.44969199581566055,0.48734942217909677,0.5159374325170465
2023-08-01,0.020975351400523156,-0.42971381156258714,0.48121109657131095,0.5175601553579565
2023-09-01,-0.26559443277221895,-0.6265399925700237,0.44559965627066356,0.5015729997904668
2023-10-01,-0.4023830377152492,-0.6340263725009334,0.42860121642188587,0.5009649205198119
2023-11-01,-0.4462593565476764,-0.8446831208153605,0.4231487961214564,0.4838543807054107
2023-12-01,-0.5319101304180505,-0.9525053129038286,0.41250514983057435,0.4750965510827297
2024-01-01,-0.27372142901588103,-0.9909580582241507,0.4445897310882504,0.47197323680468745
2024-02-01,-0.0961257212107386,-0.9492543158128756,0.46665918605333395,0.4753606124793208
2024-03-01,0.0014466033890544446,-0.46615805452249204,0.4787842990428681,0.5145999811638671
2024-04-01,-0.12835060603445383,-0.6805905138692515,0.46265466559976365,0.4971827601989054
2024-05-01,-0.21092245047700067,-0.5346317090534729,0.45239363156448104,0.5090382263116506
2024-06-01,-0.15506220658263611,-0.4250551005585727,0.4593352696941474,0.5179385579524891
2024-07-01,0.1922721863108131,0.10445204987259236,0.502497803499284,0.5609476390854579
2024-08-01,0.18408730304619608,-0.5339550579358882,0.5014806848153058,0.5090931871234002
2024-09-01,0.25663602237754013,-0.5664307570551438,0.5104961656163076,0.5064553568747764
2024-10-01,0.5090410578053909,-0.9657267931015376,0.5418620225459534,0.47402263977849485
2024-11-01,0.26544280583239926,-1.0925560606646598,0.5115905665635282,0.4637209653738799
2024-12-01,0.09375451345955683,-0.6749655875448518,0.49025521401822963,0.49763964338255284
2025-01-01,0.5224311822321586,-0.6739594186374324,0.5435259858909327,0.4977213691914252
