,,Imef_nm,,,,,,,Inmate,,,,,,,Ped_nm,,,,,,,Prod_nm,,,,,,,Empl_nm,,,,,,,EP_nm,,,,,,,,,,,,,,,
,,Índice No Manufacturero Ponderado,,,,,,,Indice No Manufacturero Ajustado por Tamaño de Empresa,,,,,,,Nuevos Pedidos No manufactureros,,,,,,,Producción No Manufacturera,,,,,,,Empleo No Manufacturero,,,,,,,Entrega de Productos No Manufacturero,,,,,,,,,,,,,,,
PERIODO,,SERIE ORIGINAL,,DESESTACIONALIZADA,,,TENDENCIA-CICLO,,SERIE ORIGINAL,,DESESTACIONALIZADA,,,TENDENCIA-CICLO,,SERIE ORIGINAL,,DESESTACIONALIZADA,,,TENDENCIA-CICLO,,SERIE ORIGINAL,,DESESTACIONALIZADA,,,TENDENCIA-CICLO,,SERIE ORIGINAL,,DESESTACIONALIZADA,,,TENDENCIA-CICLO,,SERIE ORIGINAL,,,DESESTACIONALIZADA,,,TENDENCIA-CICLO,,,,,,,,,
,,INDICE,DIF. ANUAL,D11,DIF. MENSUAL,DIF. ANUAL,D12,DIF. MENSUAL,INDICE,DIF. ANUAL,D11,DIF. MENSUAL,DIF. ANUAL,D12,DIF. MENSUAL,INDICE,DIF. ANUAL,D11,DIF. MENSUAL,DIF. ANUAL,D12,DIF. MENSUAL,INDICE,DIF. ANUAL,D11,DIF. MENSUAL,DIF. ANUAL,D12,DIF. MENSUAL,INDICE,DIF. ANUAL,D11,DIF. MENSUAL,DIF. ANUAL,D12,DIF. MENSUAL,INDICE,DIF. MENSUAL,DIF. ANUAL,D11,DIF. MENSUAL,DIF. ANUAL,D12,DIF. MENSUAL,,,,,,,,
2005,E,53.7,,55.2107224369142000,,,55.7,,54.7,,56.5,,,55.1,,55.6,,57.7,,,58.3,,54.3,,56.6,,,58.3,,51.4,,52.9,,,53.4,,53.6,,,53.4,,,53.4,,,,,,,,,
,F,56.3,,56.6020343454776000,1.4,,55.6,-0.1,53.1,,55.1,-1.4,,54.8,-0.3,58.2,,59.4,1.7,,58.2,-0.1,58.6,,59.3,2.7,,58.4,0.1,54.2,,54.3,1.4,,53.3,-0.1,54.3,0.7,,54.3,0.9,,53.3,-0.1,,,,,,,,
,M,56.1,,56.2790835248605000,-0.3,,55.5,-0.1,54.5,,54.3,-0.8,,54.4,-0.4,59.7,,59.4,0.0,,58.1,-0.1,59.4,,59.7,0.4,,58.4,0.0,53.5,,53.2,-1.1,,53.1,-0.2,51.8,-2.5,,51.8,-2.5,,53.3,0.0,,,,,,,,
,A,55.2,,54.4801837798185000,-1.8,,55.4,-0.1,51.3,,51.4,-2.9,,54.3,-0.1,57.2,,55.9,-3.5,,58.1,0.0,59.3,,57.9,-1.8,,58.3,-0.1,52.6,,52.6,-0.6,,52.8,-0.3,51.9,0.1,,51.9,0.1,,53.4,0.1,,,,,,,,
,M,54.1,,54.3300670659868000,-0.2,,55.4,0.0,54.4,,54.0,2.6,,54.4,0.1,56.8,,57.1,1.2,,58.0,-0.1,54.1,,54.3,-3.6,,58.1,-0.2,51.8,,52.0,-0.6,,52.6,-0.2,53.6,1.7,,53.6,1.7,,53.4,0.0,,,,,,,,
,J,55.9,,55.8885660480758000,1.6,,55.4,0.0,54.4,,54.7,0.7,,54.6,0.2,59.1,,59.1,2.0,,57.9,-0.1,55.9,,56.9,2.6,,57.8,-0.3,52.6,,52.4,0.4,,52.6,0.0,55.9,2.3,,55.9,2.3,,53.4,0.0,,,,,,,,
,J,56.4,,56.4359519774015000,0.5,,55.4,0.0,57.0,,56.5,1.8,,54.8,0.2,58.9,,59.0,-0.1,,57.7,-0.2,59.0,,59.0,2.1,,57.4,-0.4,53.9,,53.9,1.5,,52.7,0.1,53.9,-2.0,,53.9,-2.0,,53.5,0.1,,,,,,,,
,A,55.0,,55.3237918614459000,-1.1,,55.4,0.0,55.3,,54.8,-1.7,,55.0,0.2,57.3,,57.8,-1.2,,57.6,-0.1,56.8,,56.7,-2.3,,57.1,-0.3,51.5,,51.6,-2.3,,53.0,0.3,54.6,0.7,,54.6,0.7,,53.5,0.0,,,,,,,,
,S,54.4,,54.8292170122885000,-0.5,,55.5,0.1,53.4,,55.1,0.3,,55.1,0.1,54.7,,56.2,-1.6,,57.7,0.1,55.3,,56.5,-0.2,,57.0,-0.1,53.6,,53.2,1.6,,53.4,0.4,53.7,-0.9,,53.7,-0.9,,53.5,0.0,,,,,,,,
,O,56.2,,55.3657598243588000,0.6,,55.5,0.0,54.9,,53.7,-1.4,,55.2,0.1,58.6,,56.8,0.6,,57.8,0.1,58.4,,56.8,0.3,,57.2,0.2,54.9,,54.4,1.2,,53.6,0.2,53.0,-0.7,,53.0,-0.7,,53.5,0.0,,,,,,,,
,N,55.9,,55.2607028654065000,-0.1,,55.6,0.1,56.7,,55.1,1.4,,55.2,0.0,59.1,,58.1,1.3,,58.0,0.2,58.2,,56.9,0.1,,57.4,0.2,53.7,,53.5,-0.9,,53.5,-0.1,52.5,-0.5,,52.5,-0.5,,53.5,0.0,,,,,,,,
,D,56.9,,55.9059280568560000,0.6,,55.6,0.0,59.1,,57.0,1.9,,55.3,0.1,61.2,,59.4,1.3,,58.3,0.3,59.7,,58.0,1.1,,57.7,0.3,53.9,,53.7,0.2,,53.3,-0.2,52.9,0.4,,52.9,0.4,,53.4,-0.1,,,,,,,,
2006,E,55.2,1.5,56.9500672490170000,1.1,1.8,55.7,0.1,53.1,-1.6,55.5,-1.5,-1.0,55.3,0.0,57.6,2.0,60.1,0.7,2.4,58.5,0.2,57.3,3.0,60.0,2.0,3.4,58.1,0.4,51.8,0.4,53.4,-0.3,0.5,53.0,-0.3,54.2,1.3,0.6,54.2,1.3,0.8,53.3,-0.1,,,,,,,,
,F,54.5,-1.8,54.8272850085767000,-2.2,-1.8,55.7,0.0,50.4,-2.7,52.3,-3.2,-2.8,55.3,0.0,55.7,-2.5,56.9,-3.2,-2.5,58.4,-0.1,56.5,-2.1,57.2,-2.8,-2.1,58.2,0.1,51.4,-2.8,51.6,-1.8,-2.7,52.7,-0.3,54.3,0.1,0.0,54.3,0.1,0.0,53.3,0.0,,,,,,,,
,M,55.4,-0.7,54.8582585572775000,0.1,-1.4,55.5,-0.2,54.3,-0.2,54.0,1.7,-0.3,55.2,-0.1,58.2,-1.5,56.7,-0.2,-2.7,58.0,-0.4,58.6,-0.8,57.4,0.2,-2.3,58.0,-0.2,52.3,-1.2,51.9,0.3,-1.3,52.6,-0.1,52.6,-1.7,0.8,52.7,-1.6,0.9,53.2,-0.1,,,,,,,,
,A,56.0,0.8,55.9168565037798000,1.0,1.4,55.2,-0.3,57.4,6.1,57.4,3.4,6.0,54.9,-0.3,59.3,2.1,59.2,2.5,3.3,57.4,-0.6,58.4,-0.9,58.7,1.3,0.8,57.6,-0.4,53.1,0.5,53.1,1.2,0.5,52.7,0.1,53.1,0.5,1.2,53.1,0.4,1.2,53.1,-0.1,,,,,,,,
,M,54.8,0.7,54.9836764366843000,-0.9,0.7,55.0,-0.2,54.9,0.5,54.7,-2.7,0.7,54.7,-0.2,56.8,0.0,57.0,-2.2,-0.1,56.9,-0.5,56.9,2.8,57.0,-1.7,2.7,57.1,-0.5,53.1,1.3,53.2,0.1,1.2,53.0,0.3,52.6,-0.5,-1.0,52.6,-0.5,-1.0,53.0,-0.1,,,,,,,,
,J,54.7,-1.2,54.8518602233623000,-0.1,-1.0,54.8,-0.2,54.7,0.3,55.2,0.5,0.5,54.6,-0.1,56.3,-2.8,56.4,-0.6,-2.7,56.5,-0.4,56.0,0.1,57.0,0.0,0.1,56.7,-0.4,53.4,0.8,53.2,0.0,0.8,53.2,0.2,53.3,0.7,-2.6,53.3,0.7,-2.6,53.0,0.0,,,,,,,,
,J,54.0,-2.4,54.0729932019233000,-0.8,-2.3,54.6,-0.2,53.7,-3.3,53.2,-2.0,-3.3,54.6,0.0,54.9,-4.0,55.1,-1.3,-3.9,56.2,-0.3,54.8,-4.2,54.8,-2.2,-4.2,56.3,-0.4,53.3,-0.6,53.3,0.1,-0.6,53.4,0.2,53.1,-0.2,-0.8,53.1,-0.2,-0.8,53.0,0.0,,,,,,,,
,A,54.2,-0.8,54.3333869011472000,0.2,-1.0,54.5,-0.1,55.0,-0.3,54.2,1.0,-0.6,54.5,-0.1,55.5,-1.8,55.7,0.6,-2.1,55.9,-0.3,56.7,-0.1,56.4,1.6,-0.3,56.0,-0.3,53.5,2.0,53.6,0.3,2.0,53.3,-0.1,51.1,-2.0,-3.5,51.1,-2.0,-3.5,53.0,0.0,,,,,,,,
,S,54.3,-0.1,54.7363459470100000,0.4,-0.1,54.3,-0.2,53.1,-0.3,54.7,0.5,-0.4,54.3,-0.2,54.9,0.2,56.3,0.6,0.1,55.6,-0.3,55.0,-0.3,56.1,-0.3,-0.4,55.7,-0.3,53.8,0.2,53.3,-0.3,0.1,53.0,-0.3,53.5,2.4,-0.2,53.5,2.4,-0.2,53.0,0.0,,,,,,,,
,O,55.5,-0.7,54.7584846639328000,0.1,-0.6,54.1,-0.2,56.6,1.7,55.6,0.9,1.9,53.9,-0.4,58.4,-0.2,56.7,0.4,-0.1,55.4,-0.2,57.9,-0.5,56.5,0.4,-0.3,55.5,-0.2,53.0,-1.9,52.5,-0.8,-1.9,52.7,-0.3,52.7,-0.8,-0.3,52.7,-0.8,-0.3,53.1,0.1,,,,,,,,
,N,53.9,-2.0,53.3374771892507000,-1.5,-2.0,54.0,-0.1,55.0,-1.7,53.6,-2.0,-1.5,53.4,-0.5,55.1,-4.0,54.2,-2.5,-3.9,55.4,0.0,55.3,-2.9,54.0,-2.5,-2.9,55.4,-0.1,52.3,-1.4,52.1,-0.4,-1.4,52.4,-0.3,53.0,0.3,0.5,53.0,0.3,0.5,53.1,0.0,,,,,,,,
,D,54.5,-2.4,53.6920357743773000,0.4,-2.2,53.9,-0.1,52.7,-6.4,51.1,-2.5,-5.9,52.8,-0.6,56.1,-5.1,54.6,0.4,-4.8,55.3,-0.1,56.7,-3.0,55.1,1.1,-2.9,55.4,0.0,51.9,-2.0,51.9,-0.2,-1.8,52.1,-0.3,53.6,0.6,0.7,53.7,0.7,0.8,53.2,0.1,,,,,,,,
2007,E,51.5,-3.7,53.1944179147611000,-0.5,-3.8,53.8,-0.1,49.8,-3.3,52.5,1.4,-3.0,52.2,-0.6,52.5,-5.1,55.0,0.4,-5.1,55.2,-0.1,52.7,-4.6,55.3,0.2,-4.7,55.3,-0.1,48.3,-3.5,49.9,-2.0,-3.5,51.9,-0.2,52.5,-1.1,-1.7,52.5,-1.2,-1.7,53.2,0.0,,,,,,,,
,F,54.0,-0.5,54.4637510384138000,1.3,-0.3,53.7,-0.1,50.1,-0.3,51.8,-0.7,-0.5,51.9,-0.3,54.6,-1.1,55.8,0.8,-1.1,55.0,-0.2,55.4,-1.1,56.1,0.8,-1.1,55.1,-0.2,51.9,0.5,52.1,2.2,0.5,51.8,-0.1,54.2,1.7,-0.1,54.2,1.7,-0.1,53.1,-0.1,,,,,,,,
,M,54.7,-0.7,54.1544682872257000,-0.3,-0.7,53.6,-0.1,52.5,-1.8,52.0,0.2,-2.0,51.9,0.0,57.0,-1.2,55.8,0.0,-0.9,54.8,-0.2,56.3,-2.3,55.2,-0.9,-2.2,54.9,-0.2,52.4,0.1,51.9,-0.2,0.0,51.7,-0.1,53.1,-1.1,0.5,53.1,-1.1,0.4,53.1,0.0,,,,,,,,
,A,53.1,-2.9,52.9832728874660000,-1.2,-2.9,53.3,-0.3,51.4,-6.0,51.4,-0.6,-6.0,52.0,0.1,54.0,-5.3,53.8,-2.0,-5.4,54.4,-0.4,53.5,-4.9,53.8,-1.4,-4.9,54.5,-0.4,51.6,-1.5,51.5,-0.4,-1.6,51.5,-0.2,53.4,0.3,0.3,53.4,0.3,0.3,53.1,0.0,,,,,,,,
,M,53.1,-1.7,53.0400735947174000,0.0,-2.0,53.0,-0.3,53.5,-1.4,53.5,2.1,-1.2,52.0,0.0,53.8,-3.0,53.8,0.0,-3.2,54.0,-0.4,54.0,-2.9,54.1,0.3,-2.9,54.0,-0.5,51.2,-1.9,51.2,-0.3,-2.0,51.2,-0.3,53.4,0.0,0.8,53.4,0.0,0.8,53.0,-0.1,,,,,,,,
,J,52.2,-2.5,52.5336333301418000,-0.5,-2.4,52.7,-0.3,51.3,-3.4,51.8,-1.7,-3.4,52.0,0.0,52.6,-3.7,52.9,-0.9,-3.5,53.7,-0.3,52.5,-3.5,53.4,-0.7,-3.6,53.6,-0.4,51.5,-1.9,51.3,0.1,-1.9,51.0,-0.2,52.2,-1.2,-1.1,52.5,-0.9,-0.8,53.0,0.0,,,,,,,,
,J,52.7,-1.3,52.9021612888982000,0.4,-1.2,52.7,0.0,52.0,-1.7,51.5,-0.3,-1.7,52.0,0.0,54.3,-0.6,54.6,1.7,-0.5,53.7,0.0,54.2,-0.6,54.3,0.9,-0.5,53.6,0.0,50.4,-2.9,50.4,-0.9,-2.9,51.0,0.0,52.0,-0.2,-1.1,52.0,-0.5,-1.1,53.0,0.0,,,,,,,,
,A,52.1,-2.1,51.9839530317064000,-0.9,-2.3,53.0,0.3,52.5,-2.5,51.6,0.1,-2.6,52.1,0.1,53.0,-2.5,52.6,-2.0,-3.1,54.1,0.4,52.8,-3.9,52.4,-1.9,-4.0,53.9,0.3,51.4,-2.1,51.4,1.0,-2.2,51.2,0.2,51.1,-0.9,0.0,51.1,-0.9,0.0,53.0,0.0,,,,,,,,
,S,52.8,-1.5,53.1280235458507000,1.1,-1.6,53.4,0.4,50.7,-2.4,52.2,0.6,-2.5,52.3,0.2,53.6,-1.3,54.9,2.3,-1.4,54.6,0.5,52.9,-2.1,53.8,1.4,-2.3,54.4,0.5,51.3,-2.5,50.7,-0.7,-2.6,51.6,0.4,53.3,2.2,-0.2,53.3,2.2,-0.2,53.0,0.0,,,,,,,,
,O,54.9,-0.6,54.3563222898089000,1.3,-0.4,53.8,0.4,54.1,-2.5,53.2,1.0,-2.4,52.5,0.2,56.6,-1.8,55.1,0.2,-1.6,54.8,0.2,56.5,-1.4,55.3,1.5,-1.2,54.8,0.4,52.6,-0.4,52.4,1.7,-0.1,52.1,0.5,54.1,0.8,1.4,54.1,0.8,1.4,53.0,0.0,,,,,,,,
,N,55.4,1.5,54.7670477657886000,0.4,1.5,53.8,0.0,54.5,-0.5,53.1,-0.1,-0.5,52.7,0.2,56.8,1.7,55.9,0.8,1.7,54.6,-0.2,58.2,2.9,56.9,1.6,2.9,54.9,0.1,53.1,0.8,53.1,0.7,1.0,52.5,0.4,53.4,-0.7,0.4,53.4,-0.7,0.4,53.0,0.0,,,,,,,,
,D,54.6,0.1,53.7499877268215000,-1.1,0.0,53.5,-0.3,55.1,2.4,52.7,-0.4,1.6,52.9,0.2,55.8,-0.3,54.4,-1.5,-0.2,54.0,-0.6,56.6,-0.1,55.1,-1.8,0.0,54.5,-0.4,52.9,1.0,53.0,-0.1,1.1,52.6,0.1,53.1,-0.3,-0.5,53.1,-0.3,-0.6,53.0,0.0,,,,,,,,
2008,E,51.3,-0.2,52.9997750446548000,-0.7,-0.2,53.0,-0.5,49.1,-0.7,52.0,-0.7,-0.5,53.0,0.1,50.1,-2.4,52.6,-1.8,-2.4,53.3,-0.7,50.9,-1.8,53.4,-1.7,-1.9,53.8,-0.7,51.1,2.8,52.5,-0.5,2.6,52.4,-0.2,53.3,0.2,0.8,53.3,0.2,0.8,53.0,0.0,,,,,,,,
,F,51.2,-2.8,51.6386381868140000,-1.4,-2.9,52.5,-0.5,51.4,1.3,52.9,0.9,1.1,53.0,0.0,50.5,-4.1,51.6,-1.0,-4.2,52.6,-0.7,51.2,-4.2,51.9,-1.5,-4.2,53.1,-0.7,51.4,-0.5,51.5,-1.0,-0.6,52.1,-0.3,51.8,-1.5,-2.4,51.8,-1.5,-2.4,53.0,0.0,,,,,,,,
,M,50.7,-4.0,50.8336411076738000,-0.8,-3.4,51.9,-0.6,54.3,1.8,53.5,0.6,1.5,52.9,-0.1,50.7,-6.3,50.6,-1.0,-5.2,52.1,-0.5,50.9,-5.4,51.6,-0.3,-3.6,52.4,-0.7,50.2,-2.2,49.5,-2.0,-2.4,51.5,-0.6,50.7,-1.1,-2.4,50.7,-1.1,-2.4,52.9,-0.1,,,,,,,,
,A,53.1,0.0,52.2926294029445000,1.5,-0.7,51.5,-0.4,53.4,2.0,53.4,-0.1,2.0,52.7,-0.2,54.4,0.4,53.3,2.7,-0.5,51.8,-0.3,53.6,0.1,52.3,0.7,-1.5,52.1,-0.3,50.9,-0.7,50.9,1.4,-0.6,50.9,-0.6,53.6,2.9,0.2,53.6,2.9,0.2,52.9,0.0,,,,,,,,
,M,52.0,-1.1,51.8262946342870000,-0.5,-1.2,51.1,-0.4,51.6,-1.9,51.9,-1.5,-1.6,52.2,-0.5,52.2,-1.6,52.3,-1.0,-1.5,51.4,-0.4,52.3,-1.7,52.5,0.2,-1.6,51.8,-0.3,50.8,-0.4,50.7,-0.2,-0.5,50.4,-0.5,52.7,-0.9,-0.7,52.7,-0.9,-0.7,52.9,0.0,,,,,,,,
,J,50.2,-2.0,50.6433702291240000,-1.2,-1.9,50.6,-0.5,50.6,-0.7,51.1,-0.8,-0.7,51.4,-0.8,50.4,-2.2,51.0,-1.3,-1.9,50.8,-0.6,51.4,-1.1,52.3,-0.2,-1.1,51.4,-0.4,51.7,0.2,51.5,0.8,0.2,49.7,-0.7,47.4,-5.3,-4.8,47.4,-5.3,-5.1,48.3,-4.6,,,,,,,,
,J,48.7,-4.0,48.9536142269196000,-1.6,-3.9,49.7,-0.9,51.1,-0.9,50.6,-0.5,-0.9,50.5,-0.9,47.9,-6.4,48.2,-2.8,-6.4,49.7,-1.1,49.4,-4.8,49.4,-2.9,-4.9,50.5,-0.9,48.7,-1.7,48.7,-2.8,-1.7,49.0,-0.7,49.0,1.6,-3.0,49.0,1.6,-3.0,48.3,0.0,,,,,,,,
,A,49.6,-2.5,49.3416656935961000,0.3,-2.7,48.5,-1.2,51.3,-1.2,50.4,-0.2,-1.2,49.5,-1.0,50.9,-2.1,49.8,1.6,-2.8,48.2,-1.5,50.9,-1.9,50.4,1.0,-2.0,49.1,-1.4,48.1,-3.3,48.2,-0.5,-3.2,48.1,-0.9,48.2,-0.8,-2.9,48.2,-0.8,-2.9,48.2,-0.1,,,,,,,,
,S,47.3,-5.5,47.6293539489803000,-1.7,-5.5,47.2,-1.3,46.3,-4.4,47.8,-2.6,-4.4,48.7,-0.8,45.4,-8.2,46.8,-3.0,-8.1,46.4,-1.8,46.6,-6.3,47.4,-3.0,-6.4,47.4,-1.7,48.4,-2.9,47.8,-0.4,-2.9,47.1,-1.0,48.6,0.4,-4.7,48.6,0.4,-4.7,48.2,0.0,,,,,,,,
,O,45.5,-9.4,45.0538598077597000,-2.5,-9.3,46.0,-1.2,48.4,-5.7,47.7,-0.1,-5.5,48.1,-0.6,41.5,-15.1,40.2,-6.6,-14.9,44.7,-1.7,46.1,-10.4,45.2,-2.2,-10.1,45.8,-1.6,45.6,-7.0,45.8,-2.0,-6.6,46.1,-1.0,48.7,0.1,-5.4,48.7,0.1,-5.4,48.1,-0.1,,,,,,,,
,N,45.7,-9.7,44.9515267026999000,-0.1,-9.8,45.1,-0.9,49.1,-5.4,47.7,0.0,-5.4,47.7,-0.4,43.9,-12.9,42.8,2.6,-13.1,43.5,-1.2,46.1,-12.1,44.6,-0.6,-12.3,44.6,-1.2,45.3,-7.8,45.3,-0.5,-7.8,45.4,-0.7,47.4,-1.3,-6.0,47.4,-1.3,-6.0,47.9,-0.2,,,,,,,,
,D,45.4,-9.2,44.6220926454934000,-0.4,-9.1,44.6,-0.5,51.2,-3.9,48.4,0.7,-4.3,47.5,-0.2,43.8,-12.0,42.7,-0.1,-11.7,42.8,-0.7,44.8,-11.8,43.4,-1.2,-11.7,43.8,-0.8,44.3,-8.6,44.5,-0.8,-8.5,44.9,-0.5,48.7,1.3,-4.4,48.7,1.3,-4.4,47.8,-0.1,,,,,,,,
2009,E,42.4,-8.9,43.8717080153135000,-0.7,-9.1,44.5,-0.1,43.1,-6.0,46.3,-2.1,-5.7,47.4,-0.1,38.9,-11.2,41.3,-1.4,-11.3,42.7,-0.1,40.6,-10.3,42.9,-0.5,-10.5,43.5,-0.3,43.0,-8.1,44.3,-0.2,-8.2,44.7,-0.2,46.9,-1.8,-6.4,46.9,-1.8,-6.4,47.7,-0.1,,,,,,,,
,F,44.3,-6.9,44.7373749085198000,0.8,-6.9,44.7,0.2,46.6,-4.8,48.2,1.9,-4.7,47.1,-0.3,42.7,-7.8,43.8,2.5,-7.8,43.2,0.5,43.3,-7.9,44.1,1.2,-7.8,43.7,0.2,44.9,-6.5,45.0,0.7,-6.5,44.7,0.0,46.1,-0.8,-5.7,46.1,-0.8,-5.7,47.6,-0.1,,,,,,,,
,M,46.7,-4.0,46.1464390722166000,1.4,-4.7,45.3,0.6,48.5,-5.8,47.5,-0.7,-6.0,46.9,-0.2,46.8,-3.9,45.8,2.0,-4.8,44.1,0.9,45.9,-5.0,45.0,0.9,-6.6,44.2,0.5,46.4,-3.8,45.6,0.6,-3.9,44.9,0.2,47.7,1.6,-3.0,47.7,1.6,-3.0,47.6,0.0,,,,,,,,
,A,45.8,-7.3,45.7666162001133000,-0.3,-6.5,46.0,0.7,46.7,-6.7,46.7,-0.8,-6.7,47.0,0.1,44.3,-10.1,44.3,-1.5,-9.0,45.4,1.3,44.5,-9.1,44.9,-0.1,-7.4,45.2,1.0,47.3,-3.6,47.3,1.7,-3.6,45.3,0.4,47.2,-0.5,-6.4,47.2,-0.5,-6.4,47.7,0.1,,,,,,,,
,M,44.7,-7.3,44.4210900590807000,-1.4,-7.4,46.9,0.9,45.8,-5.8,46.3,-0.4,-5.6,47.6,0.6,43.1,-9.1,42.9,-1.4,-9.4,46.8,1.4,43.1,-9.2,43.2,-1.7,-9.3,46.6,1.4,45.2,-5.6,44.9,-2.4,-5.8,45.8,0.5,47.6,0.4,-5.1,47.6,0.4,-5.1,47.8,0.1,,,,,,,,
,J,46.9,-3.3,47.4061277626552000,3.0,-3.2,47.9,1.0,46.8,-3.8,47.1,0.8,-4.0,48.6,1.0,47.5,-2.9,48.3,5.4,-2.7,48.4,1.6,46.4,-5.0,47.2,4.0,-5.1,48.2,1.6,44.5,-7.2,44.4,-0.5,-7.1,46.5,0.7,49.2,1.6,1.8,49.2,1.6,1.8,48.0,0.2,,,,,,,,
,J,48.8,0.1,49.1369022647169000,1.7,0.1,49.0,1.1,51.0,-0.1,50.5,3.4,-0.1,49.8,1.2,50.0,2.1,50.4,2.1,2.2,49.9,1.5,50.2,0.8,50.3,3.1,0.9,50.0,1.8,47.6,-1.1,47.7,3.3,-1.0,47.2,0.7,47.3,-1.9,-1.7,47.3,-1.9,-1.7,48.1,0.1,,,,,,,,
,A,50.7,1.1,50.4159449003639000,1.3,1.1,49.9,0.9,53.5,2.2,52.6,2.1,2.2,50.9,1.1,53.0,2.1,51.8,1.4,2.0,51.3,1.4,52.8,1.9,52.3,2.0,1.9,51.7,1.7,47.8,-0.3,47.8,0.1,-0.4,48.0,0.8,49.3,2.0,1.1,49.3,2.0,1.1,48.3,0.2,,,,,,,,
,S,50.7,3.4,51.1031850384597000,0.7,3.5,50.7,0.8,52.5,6.2,54.0,1.4,6.2,51.9,1.0,51.5,6.1,52.9,1.1,6.1,52.6,1.3,53.6,7.0,54.4,2.1,7.0,53.0,1.3,49.8,1.4,49.3,1.5,1.5,48.8,0.8,48.0,-1.3,-0.6,48.0,-1.3,-0.6,48.4,0.1,,,,,,,,
,O,51.6,6.1,51.3648275312431000,0.3,6.3,51.4,0.7,51.9,3.5,51.5,-2.5,3.8,52.6,0.7,54.6,13.1,53.5,0.6,13.3,53.7,1.1,54.1,8.0,53.5,-0.9,8.3,54.1,1.1,49.4,3.8,49.8,0.5,4.0,49.4,0.6,48.3,0.3,-0.4,48.3,0.3,-0.4,48.4,0.0,,,,,,,,
,N,52.3,6.6,51.4379603533218000,0.0,6.4,51.9,0.5,53.6,4.5,52.1,0.6,4.4,53.2,0.6,55.4,11.5,54.1,0.6,11.3,54.6,0.9,55.8,9.7,54.3,0.8,9.7,54.7,0.6,49.2,3.9,49.2,-0.6,3.9,50.0,0.6,48.6,0.3,1.2,48.6,0.3,1.2,48.4,0.0,,,,,,,,
,D,52.9,7.5,52.1100084827029000,0.7,7.5,52.3,0.4,56.4,5.2,53.3,1.2,4.9,53.8,0.6,55.7,11.9,54.7,0.6,12.0,55.3,0.7,56.2,11.4,54.9,0.6,11.5,55.2,0.5,50.2,5.9,50.3,1.1,5.8,50.4,0.4,49.6,1.0,0.9,49.5,0.9,0.8,48.3,-0.1,,,,,,,,
2010,E,50.4,8.0,52.7537077346758000,0.7,8.9,52.6,0.3,51.2,8.1,55.5,2.2,9.2,54.4,0.6,53.5,14.6,56.8,2.1,15.5,55.8,0.5,52.3,11.7,55.6,0.7,12.7,55.6,0.4,48.9,5.9,51.0,0.7,6.7,50.9,0.5,46.8,-2.8,-0.1,47.6,-1.9,0.7,48.1,-0.2,,,,,,,,
,F,52.7,8.4,53.2434467666885000,0.4,8.5,52.8,0.2,54.1,7.5,55.6,0.1,7.4,55.1,0.7,55.9,13.2,56.6,-0.2,12.8,56.1,0.3,55.5,12.2,56.3,0.7,12.2,55.9,0.3,51.4,6.5,51.7,0.7,6.7,51.3,0.4,48.1,1.3,2.0,48.2,0.6,2.1,48.0,-0.1,,,,,,,,
,M,53.6,6.9,52.8109360142568000,-0.4,6.7,52.8,0.0,56.7,8.2,55.4,-0.2,7.9,55.6,0.5,56.6,9.8,55.9,-0.7,10.1,56.1,0.0,58.3,12.4,56.3,0.0,11.3,56.1,0.2,52.3,5.9,51.5,-0.2,5.9,51.5,0.2,47.0,-1.1,-0.7,47.3,-0.9,-0.4,47.9,-0.1,,,,,,,,
,A,52.5,6.7,52.6653228235335000,-0.1,6.9,52.8,0.0,55.3,8.6,55.4,0.0,8.7,55.7,0.1,55.3,11.0,55.7,-0.2,11.4,55.9,-0.2,55.9,11.4,56.3,0.0,11.4,56.1,0.0,51.3,4.0,51.5,0.0,4.2,51.7,0.2,47.6,0.6,0.4,47.4,0.1,0.2,47.8,-0.1,,,,,,,,
,M,53.0,8.3,52.5721723336138000,-0.1,8.2,52.7,-0.1,53.9,8.1,55.1,-0.3,8.8,55.5,-0.2,55.8,12.7,55.4,-0.3,12.5,55.5,-0.4,55.9,12.8,55.3,-1.0,12.1,55.7,-0.4,52.0,6.8,51.9,0.4,7.0,51.8,0.1,48.1,0.5,0.5,48.2,0.8,0.6,47.8,0.0,,,,,,,,
,J,51.8,4.9,52.2269845079742000,-0.4,4.8,52.5,-0.2,56.2,9.4,56.5,1.4,9.4,55.2,-0.3,53.9,6.4,54.6,-0.8,6.3,55.1,-0.4,54.7,8.3,55.4,0.1,8.2,55.3,-0.4,51.4,6.9,51.3,-0.6,6.9,51.7,-0.1,47.0,-1.1,-2.2,47.0,-1.2,-2.2,47.9,0.1,,,,,,,,
,J,52.4,3.6,52.7415917804297000,0.5,3.6,52.4,-0.1,55.5,4.5,54.9,-1.6,4.4,54.9,-0.3,55.2,5.2,55.5,0.9,5.1,54.8,-0.3,55.2,5.0,55.1,-0.3,4.8,54.8,-0.5,51.7,4.1,51.9,0.6,4.2,51.5,-0.2,47.5,0.5,0.2,47.5,0.5,0.2,48.0,0.1,,,,,,,,
,A,52.9,2.2,52.6769761355122000,0.0,2.3,52.2,-0.2,53.8,0.3,53.1,-1.8,0.5,54.7,-0.2,55.9,2.9,55.2,-0.3,3.4,54.7,-0.1,54.8,2.0,54.5,-0.6,2.2,54.4,-0.4,51.3,3.5,51.4,-0.5,3.6,51.2,-0.3,49.5,2.0,0.2,49.5,2.0,0.2,48.2,0.2,,,,,,,,
,S,51.1,0.4,51.5230357014999000,-1.2,0.4,52.2,0.0,53.5,1.0,55.0,1.9,1.0,54.7,0.0,52.3,0.8,53.8,-1.4,0.9,54.8,0.1,52.6,-1.0,53.4,-1.1,-1.0,54.2,-0.2,51.2,1.4,51.0,-0.4,1.7,50.9,-0.3,48.1,-1.4,0.1,48.1,-1.4,0.1,48.3,0.1,,,,,,,,
,O,52.2,0.6,52.0518475398905000,0.6,0.7,52.2,0.0,55.4,3.5,55.3,0.3,3.8,54.9,0.2,55.5,0.9,54.6,0.8,1.1,55.1,0.3,54.7,0.6,54.1,0.7,0.6,54.3,0.1,49.5,0.1,50.2,-0.8,0.4,50.8,-0.1,49.0,0.9,0.7,49.0,0.9,0.7,48.4,0.1,,,,,,,,
,N,53.4,1.1,52.5675334171010000,0.5,1.2,52.4,0.2,56.3,2.7,54.5,-0.8,2.4,55.2,0.3,57.5,2.1,56.1,1.5,2.0,55.5,0.4,56.3,0.5,54.8,0.7,0.5,54.7,0.4,50.8,1.6,50.7,0.5,1.5,50.9,0.1,49.2,0.2,0.6,49.2,0.2,0.6,48.5,0.1,,,,,,,,
,D,53.3,0.4,51.9735818925563000,-0.6,-0.1,52.6,0.2,59.3,2.9,55.8,1.3,2.5,55.5,0.3,56.8,1.1,55.2,-0.9,0.5,55.9,0.4,56.6,0.4,54.6,-0.2,-0.3,55.1,0.4,51.1,0.9,50.8,0.1,0.5,51.0,0.1,48.6,-0.6,-1.0,48.3,-0.9,-1.2,48.4,-0.1,,,,,,,,
2011,E,52.4,2.0,53.5413989683431000,1.5,0.7,52.8,0.2,52.9,1.7,56.4,0.6,0.9,55.7,0.2,55.7,2.2,57.4,2.2,0.6,56.2,0.3,54.6,2.3,56.4,1.8,0.8,55.6,0.5,50.9,2.0,51.9,1.1,0.9,51.4,0.4,48.4,-0.2,1.6,48.4,0.1,0.8,48.3,-0.1,,,,,,,,
,F,52.8,0.1,53.3193065915981000,-0.2,0.1,53.0,0.2,53.8,-0.3,55.8,-0.6,0.2,55.8,0.1,55.6,-0.3,56.4,-1.0,-0.2,56.4,0.2,55.6,0.1,56.5,0.1,0.2,55.9,0.3,51.9,0.5,52.0,0.1,0.3,51.7,0.3,48.3,-0.1,0.2,48.3,-0.1,0.1,48.2,-0.1,,,,,,,,
,M,53.3,-0.3,52.7135038453622000,-0.6,-0.1,53.1,0.1,56.3,-0.4,55.4,-0.4,0.0,55.8,0.0,57.0,0.4,56.3,-0.1,0.4,56.4,0.0,56.1,-2.2,55.2,-1.3,-1.1,56.0,0.1,52.5,0.2,51.6,-0.4,0.1,52.0,0.3,47.7,-0.6,0.7,47.7,-0.6,0.4,48.0,-0.2,,,,,,,,
,A,52.7,0.2,52.8435716712483000,0.1,0.1,53.1,0.0,55.6,0.3,55.5,0.1,0.1,55.9,0.1,55.8,0.5,55.9,-0.4,0.2,56.3,-0.1,56.0,0.1,56.3,1.1,0.0,55.8,-0.2,51.8,0.5,51.8,0.2,0.3,52.1,0.1,47.1,-0.6,-0.5,47.1,-0.6,-0.3,47.8,-0.2,,,,,,,,
,M,53.3,0.3,53.2155002923413000,0.4,0.6,53.0,-0.1,55.3,1.4,55.8,0.3,0.7,55.8,-0.1,56.4,0.6,56.2,0.3,0.8,56.2,-0.1,55.2,-0.7,55.4,-0.9,0.1,55.7,-0.1,53.2,1.2,52.9,1.1,1.0,52.1,0.0,48.3,1.2,0.2,48.3,1.2,0.1,47.7,-0.1,,,,,,,,
,J,52.6,0.8,53.0078763421679000,-0.2,0.8,52.9,-0.1,56.1,-0.1,56.4,0.6,-0.1,55.8,0.0,56.2,2.3,56.8,0.6,2.2,56.2,0.0,54.8,0.1,55.3,-0.1,-0.1,55.4,-0.3,51.8,0.4,51.6,-1.3,0.3,52.0,-0.1,47.8,-0.5,0.8,47.8,-0.5,0.8,47.5,-0.2,,,,,,,,
,J,52.5,0.1,52.8863033612739000,-0.1,0.2,52.8,-0.1,56.6,1.1,56.0,-0.4,1.1,55.6,-0.2,55.9,0.7,56.1,-0.7,0.6,56.2,0.0,55.7,0.5,55.7,0.4,0.6,55.3,-0.1,51.7,0.0,52.0,0.4,0.1,51.8,-0.2,46.6,-1.2,-0.9,46.6,-1.2,-0.9,47.5,0.0,,,,,,,,
,A,52.5,-0.4,52.4318871115139000,-0.5,-0.3,52.8,0.0,55.6,1.8,55.1,-0.9,2.0,55.5,-0.1,55.8,-0.1,55.9,-0.2,0.7,56.4,0.2,55.3,0.5,55.2,-0.5,0.7,55.4,0.1,51.3,0.0,51.4,-0.6,0.0,51.7,-0.1,47.8,1.2,-1.7,47.8,1.2,-1.7,47.4,-0.1,,,,,,,,
,S,49.4,-1.7,49.9627789934087000,-2.4,-1.5,52.8,0.0,50.1,-3.4,51.7,-3.4,-3.3,55.2,-0.3,50.6,-1.7,52.0,-3.9,-1.8,56.6,0.2,51.2,-1.4,52.1,-3.1,-1.3,55.6,0.2,49.0,-2.2,49.0,-2.4,-2.0,51.6,-0.1,46.9,-0.9,-1.2,47.1,-0.7,-1.0,47.4,0.0,,,,,,,,
,O,53.0,0.8,52.8238103865593000,2.8,0.7,52.9,0.1,54.5,-0.9,54.3,2.6,-1.0,54.8,-0.4,57.8,2.3,57.0,5.0,2.4,56.7,0.1,56.4,1.7,55.9,3.8,1.8,55.8,0.2,50.7,1.2,51.1,2.1,0.9,51.6,0.0,47.3,0.4,-1.7,47.3,0.2,-1.7,47.5,0.1,,,,,,,,
,N,54.4,1.0,53.4582070547082000,0.7,0.9,52.9,0.0,57.8,1.5,55.7,1.4,1.2,54.3,-0.5,58.8,1.3,57.4,0.4,1.3,56.7,0.0,57.4,1.1,56.0,0.1,1.2,56.1,0.3,52.6,1.8,52.4,1.3,1.7,51.6,0.0,48.6,1.3,-0.6,48.6,1.3,-0.6,47.5,0.0,,,,,,,,
,D,53.8,0.5,53.2465593140128000,-0.3,1.2,53.0,0.1,57.7,-1.6,53.7,-2.0,-2.1,53.9,-0.4,58.1,1.3,57.4,0.0,2.2,56.8,0.1,58.1,1.5,57.6,1.6,3.0,56.2,0.1,51.9,0.8,51.7,-0.7,0.9,51.7,0.1,47.2,-1.4,-1.4,47.3,-1.3,-1.0,47.6,0.1,,,,,,,,
2012,E,51.7,-0.7,52.6547644924357000,-0.5,-0.8,53.1,0.1,50.0,-2.9,53.7,0.0,-2.7,53.6,-0.3,54.4,-1.3,55.8,-1.6,-1.6,57.0,0.2,54.3,-0.3,55.8,-1.8,-0.6,56.4,0.2,50.7,-0.2,51.7,0.0,-0.2,51.7,0.0,47.3,0.1,-1.1,47.3,0.0,-1.1,47.7,0.1,,,,,,,,
,F,52.4,-0.4,52.8310298956835000,0.1,-0.5,53.2,0.1,49.7,-4.1,51.9,-1.8,-3.9,53.3,-0.3,55.9,0.3,56.5,0.7,0.1,57.2,0.2,54.6,-1.0,55.4,-0.4,-1.1,56.6,0.2,51.3,-0.6,51.5,-0.2,-0.5,51.8,0.1,47.6,0.3,-0.7,47.7,0.4,-0.6,47.7,0.0,,,,,,,,
,M,54.4,1.1,53.8630708626020000,1.1,1.2,53.3,0.1,54.4,-1.9,53.8,1.9,-1.6,53.3,0.0,58.0,1.0,57.7,1.2,1.4,57.4,0.2,58.6,2.5,57.9,2.5,2.7,56.7,0.1,52.4,-0.1,51.5,0.0,-0.1,51.8,0.0,48.5,0.9,0.8,48.5,0.8,0.8,47.8,0.1,,,,,,,,
,A,53.1,0.4,53.2070928968904000,-0.7,0.4,53.3,0.0,53.5,-2.1,53.4,-0.4,-2.1,53.4,0.1,57.6,1.8,57.7,0.0,1.8,57.5,0.1,55.7,-0.3,55.9,-2.0,-0.4,56.8,0.1,52.5,0.7,52.2,0.7,0.4,51.9,0.1,46.6,-1.9,-0.5,46.6,-1.9,-0.5,48.0,0.2,,,,,,,,
,M,55.0,1.7,55.1764086002984000,2.0,2.0,53.4,0.1,53.9,-1.4,54.1,0.7,-1.7,53.6,0.2,59.2,2.8,59.2,1.5,3.0,57.5,0.0,58.1,2.9,58.4,2.5,3.0,56.9,0.1,54.2,1.0,54.0,1.8,1.1,52.0,0.1,48.6,2.0,0.3,48.6,2.0,0.3,48.1,0.1,,,,,,,,
,J,53.1,0.5,53.3002771159079000,-1.9,0.3,53.4,0.0,53.9,-2.2,54.3,0.2,-2.1,53.8,0.2,56.2,0.0,56.5,-2.7,-0.3,57.5,0.0,56.2,1.4,56.4,-2.0,1.1,57.0,0.1,52.5,0.7,52.3,-1.7,0.7,52.0,0.0,47.7,-0.9,-0.1,47.7,-0.9,-0.1,48.2,0.1,,,,,,,,
,J,52.3,-0.2,52.6421763619375000,-0.7,-0.3,53.5,0.1,53.3,-3.3,52.7,-1.6,-3.3,54.0,0.2,56.3,0.4,56.4,-0.1,0.3,57.4,-0.1,54.3,-1.4,54.3,-2.1,-1.4,57.0,0.0,51.0,-0.7,51.5,-0.8,-0.5,52.1,0.1,47.4,-0.3,0.8,47.4,-0.3,0.8,48.3,0.1,,,,,,,,
,A,53.3,0.8,53.4015639487789000,0.8,1.0,53.6,0.1,55.3,-0.3,54.9,2.2,-0.2,54.0,0.0,55.9,0.1,56.2,-0.2,0.3,57.3,-0.1,56.1,0.8,56.2,1.9,1.0,56.9,-0.1,52.3,1.0,52.4,0.9,1.0,52.1,0.0,48.8,1.4,1.0,48.8,1.4,1.0,48.4,0.1,,,,,,,,
,S,54.0,4.6,54.4971052474404000,1.1,4.5,53.6,0.0,52.0,1.9,53.5,-1.4,1.8,54.0,0.0,57.4,6.8,58.7,2.5,6.7,57.3,0.0,57.8,6.6,58.9,2.7,6.8,56.7,-0.2,51.6,2.6,51.8,-0.6,2.8,52.1,0.0,49.1,0.3,2.2,49.1,0.3,2.0,48.5,0.1,,,,,,,,
,O,54.3,1.3,54.0037701327827000,-0.5,1.2,53.6,0.0,54.6,0.1,54.3,0.8,0.0,53.8,-0.2,59.0,1.2,58.4,-0.3,1.4,57.1,-0.2,57.4,1.0,56.8,-2.1,0.9,56.3,-0.4,52.3,1.6,52.5,0.7,1.4,52.1,0.0,48.6,-0.5,1.3,48.6,-0.5,1.3,48.6,0.1,,,,,,,,
,N,53.8,-0.6,52.6720938185858000,-1.3,-0.8,53.3,-0.3,56.2,-1.6,53.7,-0.6,-2.0,53.6,-0.2,57.7,-1.1,56.1,-2.3,-1.3,56.7,-0.4,56.9,-0.5,55.3,-1.5,-0.7,55.8,-0.5,52.0,-0.6,51.5,-1.0,-0.9,52.0,-0.1,48.4,-0.2,-0.2,48.4,-0.2,-0.2,48.6,0.0,,,,,,,,
,D,54.4,0.6,53.1076691972964000,0.4,-0.1,53.0,-0.3,58.2,0.5,53.8,0.1,0.1,53.5,-0.1,57.6,-0.5,55.2,-0.9,-2.2,56.0,-0.7,56.6,-1.5,54.9,-0.4,-2.7,55.1,-0.7,52.6,0.7,52.2,0.7,0.5,51.8,-0.2,50.9,2.5,3.7,51.3,2.9,4.0,48.6,0.0,,,,,,,,
2013,E,51.8,0.1,52.8289222295841000,-0.3,0.1,52.5,-0.5,48.1,-1.9,52.0,-1.8,-1.7,53.4,-0.1,54.1,-0.3,55.5,0.3,-0.3,55.2,-0.8,53.4,-0.9,54.7,-0.2,-1.1,54.5,-0.6,50.9,0.2,51.9,-0.3,0.2,51.5,-0.3,49.0,-1.9,1.7,49.0,-2.3,1.7,48.5,-0.1,,,,,,,,
,F,51.1,-1.3,51.6384642013740000,-1.2,-1.2,52.1,-0.4,50.8,1.1,53.3,1.3,1.4,53.3,-0.1,54.0,-1.9,54.6,-0.9,-1.9,54.5,-0.7,52.8,-1.8,53.5,-1.2,-1.9,53.9,-0.6,50.0,-1.3,50.3,-1.6,-1.2,51.2,-0.3,47.7,-1.3,0.1,47.7,-1.3,0.0,48.5,0.0,,,,,,,,
,M,51.3,-3.1,51.7564296783153000,0.2,-2.1,51.8,-0.3,54.5,0.1,54.3,1.0,0.5,53.3,0.0,52.2,-5.8,53.5,-1.1,-4.2,54.1,-0.4,52.3,-6.3,53.3,-0.2,-4.6,53.5,-0.4,51.6,-0.8,51.4,1.1,-0.1,50.9,-0.3,49.2,1.5,0.7,49.0,1.3,0.5,48.5,0.0,,,,,,,,
,A,52.5,-0.6,51.8847724876899000,0.1,-1.3,51.6,-0.2,53.8,0.3,53.6,-0.7,0.2,53.3,0.0,55.3,-2.3,54.3,0.8,-3.4,53.9,-0.2,55.6,-0.1,54.0,0.7,-1.9,53.3,-0.2,50.9,-1.6,50.5,-0.9,-1.7,50.6,-0.3,48.4,-0.8,1.8,48.4,-0.6,1.8,48.5,0.0,,,,,,,,
,M,50.4,-4.6,50.6812309473594000,-1.2,-4.5,51.4,-0.2,52.8,-1.1,52.6,-1.0,-1.5,53.1,-0.2,52.4,-6.8,52.5,-1.8,-6.7,53.7,-0.2,51.5,-6.6,51.5,-2.5,-6.9,52.9,-0.4,50.0,-4.2,49.9,-0.6,-4.1,50.3,-0.3,47.9,-0.5,-0.7,47.9,-0.5,-0.7,48.5,0.0,,,,,,,,
,J,51.8,-1.3,51.7430961991777000,1.0,-1.6,51.1,-0.3,51.8,-2.1,52.4,-0.2,-1.9,52.7,-0.4,53.8,-2.4,54.0,1.5,-2.5,53.2,-0.5,53.8,-2.4,53.9,2.4,-2.5,52.6,-0.3,51.0,-1.5,50.8,0.9,-1.5,50.0,-0.3,48.4,0.5,0.7,48.4,0.5,0.7,48.6,0.1,,,,,,,,
,J,51.2,-1.1,51.6138515105313000,-0.1,-1.0,50.8,-0.3,54.2,0.9,53.6,1.2,0.9,52.3,-0.4,54.2,-2.1,54.3,0.3,-2.1,52.6,-0.6,52.8,-1.5,53.0,-0.9,-1.3,52.1,-0.5,49.1,-1.9,49.7,-1.1,-1.8,49.7,-0.3,48.8,0.4,1.4,48.8,0.4,1.4,48.8,0.2,,,,,,,,
,A,49.8,-3.5,50.0353727328529000,-1.6,-3.4,50.5,-0.3,51.3,-4.0,50.8,-2.8,-4.1,52.0,-0.3,52.1,-3.8,52.2,-2.1,-4.0,52.1,-0.5,50.6,-5.5,50.7,-2.3,-5.5,51.8,-0.3,47.9,-4.4,47.9,-1.8,-4.5,49.6,-0.1,48.6,-0.2,-0.2,48.6,-0.2,-0.2,49.0,0.2,,,,,,,,
,S,49.3,-4.7,49.7883137643284000,-0.2,-4.7,50.5,0.0,50.3,-1.7,51.8,1.0,-1.7,52.0,0.0,49.3,-8.1,50.4,-1.8,-8.3,51.9,-0.2,50.1,-7.7,51.3,0.6,-7.6,51.7,-0.1,48.6,-3.0,48.8,0.9,-3.0,49.6,0.0,49.1,0.5,0.0,49.1,0.5,0.0,49.2,0.2,,,,,,,,
,O,50.7,-3.6,50.2670561386186000,0.5,-3.7,50.7,0.2,52.7,-1.9,52.3,0.5,-2.0,52.2,0.2,51.2,-7.8,50.5,0.1,-7.9,52.3,0.4,52.3,-5.1,51.6,0.3,-5.2,52.0,0.3,50.0,-2.3,49.9,1.1,-2.6,49.8,0.2,49.4,0.3,0.8,49.4,0.3,0.8,49.3,0.1,,,,,,,,
,N,52.0,-1.8,50.7983891083851000,0.5,-1.9,51.2,0.5,54.6,-1.6,51.9,-0.4,-1.8,52.5,0.3,53.9,-3.8,52.1,1.6,-4.0,53.1,0.8,53.7,-3.2,52.1,0.5,-3.2,52.4,0.4,50.6,-1.4,49.9,0.0,-1.6,50.2,0.4,49.9,0.5,1.5,49.9,0.5,1.5,49.5,0.2,,,,,,,,
,D,54.4,0.0,53.5393939216090000,2.7,0.4,51.7,0.5,57.5,-0.7,53.7,1.8,-0.1,52.8,0.3,57.3,-0.3,56.2,4.1,1.0,54.0,0.9,58.4,1.8,57.9,5.8,3.0,52.8,0.4,52.0,-0.6,51.6,1.7,-0.6,50.6,0.4,49.9,0.0,-1.0,50.3,0.4,-1.0,49.6,0.1,,,,,,,,
2014,E,51.4,-0.4,52.5735120173353000,-0.9,-0.2,52.0,0.3,49.5,1.4,53.4,-0.3,1.4,53.0,0.2,54.4,0.3,56.1,-0.1,0.6,54.6,0.6,52.9,-0.5,54.4,-3.5,-0.3,53.1,0.3,48.8,-2.1,50.1,-1.5,-1.8,50.7,0.1,49.6,-0.3,0.6,49.6,-0.7,0.6,49.6,0.0,,,,,,,,
,F,51.7,0.6,52.3280514157756000,-0.3,0.7,52.0,0.0,50.8,0.0,53.1,-0.3,-0.2,53.0,0.0,53.6,-0.4,54.4,-1.7,-0.2,54.6,0.0,52.6,-0.2,53.1,-1.3,-0.4,52.8,-0.3,50.8,0.8,51.2,1.1,0.9,50.6,-0.1,49.6,0.0,1.9,49.6,0.0,1.9,49.6,0.0,,,,,,,,
,M,51.9,0.6,51.7891781012003000,-0.5,0.0,51.6,-0.4,51.4,-3.1,51.5,-1.6,-2.8,52.8,-0.2,53.7,1.5,54.1,-0.3,0.6,53.9,-0.7,52.5,0.2,52.3,-0.8,-1.0,52.3,-0.5,51.2,-0.4,50.6,-0.6,-0.8,50.2,-0.4,50.1,0.5,0.9,50.1,0.5,1.1,49.6,0.0,,,,,,,,
,A,50.7,-1.8,50.6524197807011000,-1.1,-1.2,51.1,-0.5,53.7,-0.1,53.5,2.0,-0.1,52.4,-0.4,52.7,-2.6,52.6,-1.5,-1.7,53.2,-0.7,51.3,-4.3,51.2,-1.1,-2.8,51.8,-0.5,49.9,-1.0,49.5,-1.1,-1.0,49.7,-0.5,48.8,-1.3,0.4,48.8,-1.3,0.4,49.5,-0.1,,,,,,,,
,M,50.1,-0.3,50.5307215948706000,-0.2,-0.2,50.8,-0.3,53.3,0.5,52.8,-0.7,0.2,52.1,-0.3,51.6,-0.8,52.0,-0.6,-0.5,52.7,-0.5,51.3,-0.2,51.2,0.0,-0.3,51.6,-0.2,48.6,-1.4,48.8,-0.7,-1.1,49.2,-0.5,49.1,0.3,1.2,49.1,0.3,1.2,49.4,-0.1,,,,,,,,
,J,50.3,-1.5,50.1231593925730000,-0.4,-1.6,50.7,-0.1,50.1,-1.7,50.9,-1.9,-1.5,52.0,-0.1,52.1,-1.7,52.0,0.0,-2.0,52.8,0.1,51.5,-2.3,51.4,0.2,-2.5,51.8,0.2,48.7,-2.3,48.5,-0.3,-2.3,49.0,-0.2,49.0,-0.1,0.6,49.0,-0.1,0.6,49.3,-0.1,,,,,,,,
,J,50.2,-1.0,50.4256545300148000,0.3,-1.2,50.9,0.2,50.7,-3.5,49.9,-1.0,-3.7,52.1,0.1,52.5,-1.7,52.3,0.3,-2.0,53.4,0.6,50.7,-2.1,50.8,-0.6,-2.2,52.4,0.6,48.6,-0.5,49.0,0.5,-0.7,49.0,0.0,49.2,0.2,0.4,49.2,0.2,0.4,49.3,0.0,,,,,,,,
,A,52.6,2.8,52.8285799902258000,2.4,2.8,51.2,0.3,54.0,2.7,53.4,3.5,2.6,52.3,0.2,56.4,4.3,56.1,3.8,3.9,53.9,0.5,55.4,4.8,55.4,4.6,4.7,53.1,0.7,49.4,1.5,49.3,0.3,1.4,49.1,0.1,49.4,0.2,0.8,49.4,0.2,0.8,49.3,0.0,,,,,,,,
,S,51.2,1.9,51.7356801000449000,-1.1,1.9,51.3,0.1,51.7,1.4,53.0,-0.4,1.2,52.7,0.4,53.9,4.6,54.9,-1.2,4.5,54.1,0.2,52.3,2.2,53.6,-1.8,2.3,53.7,0.6,49.1,0.5,49.3,0.0,0.5,49.1,0.0,49.5,0.1,0.4,49.5,0.1,0.4,49.2,-0.1,,,,,,,,
,O,51.8,1.1,51.3285243765633000,-0.4,1.0,51.3,0.0,52.6,-0.1,52.1,-0.9,-0.2,52.9,0.2,54.1,2.9,53.5,-1.4,3.0,53.9,-0.2,54.0,1.7,53.3,-0.3,1.7,53.8,0.1,49.4,-0.6,49.0,-0.3,-0.9,49.1,0.0,49.7,0.2,0.3,49.7,0.2,0.3,49.2,0.0,,,,,,,,
,N,52.5,0.5,51.2980945643171000,0.0,0.5,51.0,-0.3,56.8,2.2,54.2,2.1,2.3,53.0,0.1,55.0,1.1,53.1,-0.4,1.0,53.3,-0.6,55.8,2.1,54.3,1.0,2.2,53.6,-0.2,50.5,-0.1,49.7,0.7,-0.2,48.8,-0.3,48.8,-0.9,-1.1,48.8,-0.9,-1.1,49.2,0.0,,,,,,,,
,D,51.7,-2.7,50.5644803593050000,-0.7,-2.9,50.7,-0.3,56.1,-1.4,53.3,-0.9,-0.4,52.8,-0.2,54.5,-2.8,53.1,0.0,-3.1,52.6,-0.7,53.9,-4.5,53.5,-0.8,-4.4,53.0,-0.6,48.0,-4.0,47.8,-1.9,-3.8,48.5,-0.3,50.1,1.3,0.2,50.1,1.3,-0.2,49.2,0.0,,,,,,,,
2015,E,48.4,-3.0,49.7130838677516000,-0.9,-2.9,50.4,-0.3,47.8,-1.7,51.5,-1.8,-1.9,52.5,-0.3,48.3,-6.1,50.4,-2.7,-5.7,52.1,-0.5,49.5,-3.4,51.3,-2.2,-3.1,52.3,-0.7,47.2,-1.6,48.6,0.8,-1.5,48.4,-0.1,48.5,-1.6,-1.1,48.5,-1.6,-1.1,49.2,0.0,,,,,,,,
,F,49.9,-1.8,50.5658663330947000,0.9,-1.7,50.3,-0.1,49.9,-0.9,51.9,0.4,-1.2,52.2,-0.3,52.1,-1.5,52.9,2.5,-1.5,52.0,-0.1,52.0,-0.6,52.2,0.9,-0.9,52.0,-0.3,47.3,-3.5,47.7,-0.9,-3.5,48.4,0.0,48.1,-0.4,-1.5,48.1,-0.4,-1.5,49.2,0.0,,,,,,,,
,M,49.7,-2.2,49.7153378499446000,-0.9,-2.1,50.5,0.2,52.7,1.3,53.2,1.3,1.7,52.1,-0.1,50.9,-2.8,51.2,-1.7,-2.9,52.1,0.1,51.1,-1.4,50.8,-1.4,-1.5,51.9,-0.1,47.1,-4.1,46.6,-1.1,-4.0,48.6,0.2,49.8,1.7,-0.3,49.8,1.7,-0.3,49.2,0.0,,,,,,,,
,A,51.1,0.4,51.0565735826625000,1.4,0.4,50.6,0.1,51.0,-2.7,50.7,-2.5,-2.8,52.2,0.1,52.8,0.1,52.7,1.5,0.1,52.2,0.1,52.0,0.7,51.8,1.0,0.6,51.8,-0.1,49.6,-0.3,49.2,2.6,-0.3,48.9,0.3,50.0,0.2,1.2,50.0,0.2,1.2,49.2,0.0,,,,,,,,
,M,50.6,0.5,50.9836927798371000,-0.1,0.5,50.6,0.0,53.4,0.1,52.8,2.1,0.0,52.4,0.2,51.8,0.2,52.2,-0.5,0.2,52.0,-0.2,52.5,1.2,52.3,0.5,1.1,51.7,-0.1,49.7,1.1,50.1,0.9,1.3,49.1,0.2,48.3,-1.7,-0.8,48.3,-1.7,-0.8,49.2,0.0,,,,,,,,
,J,51.4,1.1,51.1447229293041000,0.1,1.0,50.4,-0.2,52.3,2.2,53.1,0.3,2.2,52.7,0.3,53.4,1.3,53.3,1.1,1.3,51.5,-0.5,52.9,1.4,52.9,0.6,1.5,51.5,-0.2,49.5,0.8,49.3,-0.8,0.8,49.2,0.1,49.8,1.5,0.8,49.8,1.5,0.8,49.2,0.0,,,,,,,,
,J,50.0,-0.2,50.0048420057767000,-1.1,-0.4,50.2,-0.2,54.2,3.5,53.7,0.6,3.8,52.9,0.2,51.0,-1.5,50.7,-2.6,-1.6,51.0,-0.5,51.3,0.6,51.4,-1.5,0.6,51.1,-0.4,48.3,-0.3,48.5,-0.8,-0.5,49.2,0.0,49.2,-0.6,0.0,49.2,-0.6,0.0,49.3,0.1,,,,,,,,
,A,49.0,-3.6,49.0691489648137000,-0.9,-3.7,50.0,-0.2,51.1,-2.9,50.3,-3.4,-3.1,52.9,0.0,48.9,-7.5,48.7,-2.0,-7.4,50.5,-0.5,49.5,-5.9,49.4,-2.0,-6.0,50.8,-0.3,48.7,-0.7,48.6,0.1,-0.7,49.2,0.0,49.0,-0.2,-0.4,49.0,-0.2,-0.4,49.3,0.0,,,,,,,,
,S,49.1,-2.1,49.5122647189606000,0.4,-2.2,50.0,0.0,51.4,-0.3,52.4,2.1,-0.6,52.8,-0.1,49.0,-4.9,49.8,1.1,-5.1,50.4,-0.1,48.6,-3.7,49.8,0.4,-3.8,50.8,0.0,49.7,0.6,49.8,1.2,0.5,49.1,-0.1,48.8,-0.2,-0.7,48.8,-0.2,-0.7,49.3,0.0,,,,,,,,
,O,50.8,-1.0,52.6856063140015000,3.2,1.4,50.2,0.2,55.8,3.2,55.2,2.8,3.1,52.6,-0.2,51.6,-2.5,50.9,1.1,-2.6,50.6,0.2,52.0,-2.0,51.3,1.5,-2.0,51.1,0.3,49.8,0.4,49.3,-0.5,0.3,49.2,0.1,49.6,0.8,-0.1,49.6,0.8,-0.1,49.3,0.0,,,,,,,,
,N,52.7,0.2,51.4335972065078000,-1.3,0.1,50.5,0.3,55.2,-1.6,52.9,-2.3,-1.3,52.4,-0.2,54.2,-0.8,52.5,1.6,-0.6,51.1,0.5,56.1,0.3,54.8,3.5,0.5,51.7,0.6,50.0,-0.5,49.1,-0.2,-0.6,49.3,0.1,50.4,0.8,1.6,50.4,0.8,1.6,49.3,0.0,,,,,,,,
,D,50.5,-1.2,49.5181265019001000,-1.9,-1.1,50.8,0.3,53.8,-2.3,51.1,-1.8,-2.2,52.3,-0.1,51.0,-3.5,49.7,-2.8,-3.4,51.6,0.5,51.4,-2.5,50.9,-3.9,-2.6,52.3,0.6,49.3,1.3,49.2,0.1,1.4,49.4,0.1,50.5,0.1,0.4,50.5,0.1,0.4,49.3,0.0,,,,,,,,
2016,E,50.2,1.8,51.4848143054696000,2.0,1.8,50.9,0.1,49.3,1.5,52.7,1.6,1.2,52.2,-0.1,51.6,3.3,53.9,4.2,3.5,51.9,0.3,52.2,2.7,54.3,3.4,3.0,52.8,0.5,48.0,0.8,49.2,0.0,0.6,49.4,0.0,48.9,-1.6,0.4,48.5,-2.0,0.0,49.4,0.1,,,,,,,,
,F,50.3,0.4,50.9298927518678000,-0.6,0.3,51.0,0.1,51.1,1.2,52.7,0.0,0.8,52.1,-0.1,51.1,-1.0,51.8,-2.1,-1.1,52.0,0.1,52.9,0.9,52.8,-1.5,0.6,53.0,0.2,49.8,2.5,50.3,1.1,2.6,49.4,0.0,47.3,-1.6,-0.8,47.3,-1.2,-0.8,49.5,0.1,,,,,,,,
,M,49.9,0.2,50.6675031359810000,-0.2,1.0,50.9,-0.1,50.3,-2.4,50.9,-1.8,-2.3,52.1,0.0,50.2,-0.7,51.4,-0.4,0.2,52.0,0.0,50.7,-0.4,51.9,-0.9,1.1,52.9,-0.1,49.3,2.2,48.9,-1.4,2.3,49.5,0.1,49.5,2.2,-0.3,49.5,2.2,-0.3,49.7,0.2,,,,,,,,
,A,51.7,0.6,50.7519058246852000,0.1,-0.3,51.0,0.1,53.1,2.1,52.7,1.8,2.0,52.0,-0.1,53.0,0.2,51.4,0.0,-1.3,52.1,0.1,55.1,3.1,53.1,1.2,1.3,52.6,-0.3,50.1,0.5,49.6,0.7,0.4,49.6,0.1,48.7,-0.8,-1.3,48.7,-0.8,-1.3,50.0,0.3,,,,,,,,
,M,50.8,0.2,51.1495288470670000,0.3,0.1,51.1,0.1,53.0,-0.4,52.3,-0.4,-0.5,52.0,0.0,52.5,0.7,52.9,1.5,0.7,52.2,0.1,53.7,1.2,53.2,0.1,0.9,52.2,-0.4,49.1,-0.6,49.5,-0.1,-0.6,49.7,0.1,48.0,-0.7,-0.3,48.0,-0.7,-0.3,50.4,0.4,,,,,,,,
,J,47.2,-4.2,46.9234910182056000,-4.2,-4.2,51.3,0.2,50.4,-1.9,51.2,-1.1,-1.9,51.8,-0.2,47.5,-5.9,47.2,-5.7,-6.1,52.4,0.2,48.6,-4.3,48.7,-4.5,-4.2,51.8,-0.4,47.2,-2.3,47.1,-2.4,-2.2,49.9,0.2,45.5,-2.5,-4.3,45.5,-2.5,-4.3,50.9,0.5,,,,,,,,
,J,51.7,1.7,51.7256848807817000,4.8,1.7,51.3,0.0,52.6,-1.6,51.8,0.6,-1.9,51.5,-0.3,53.2,2.2,53.0,5.8,2.3,52.4,0.0,51.0,-0.3,51.1,2.4,-0.3,51.3,-0.5,50.3,2.0,50.3,3.2,1.8,50.1,0.2,52.4,6.9,3.2,52.4,6.9,3.2,51.3,0.4,,,,,,,,
,A,51.4,2.4,51.2354757970524000,-0.5,2.1,51.2,-0.1,52.4,1.3,51.4,-0.4,1.1,51.1,-0.4,52.2,3.3,51.9,-1.1,3.2,52.3,-0.1,51.0,1.5,50.7,-0.4,1.3,50.6,-0.7,50.7,2.0,50.5,0.2,1.9,50.1,0.0,51.6,-0.8,2.6,51.6,-0.8,2.6,51.8,0.5,,,,,,,,
,S,50.5,1.4,50.9627556599098000,-0.2,1.5,50.9,-0.3,50.0,-1.4,50.7,-0.7,-1.7,50.6,-0.5,51.4,2.4,52.0,0.1,2.2,51.7,-0.6,49.5,0.9,50.5,-0.2,0.7,49.6,-1.0,49.6,-0.1,49.7,-0.8,-0.1,49.7,-0.4,51.7,0.1,2.9,51.7,0.1,2.9,52.1,0.3,,,,,,,,
,O,51.0,0.2,50.4949969533940000,-0.5,-2.2,50.2,-0.7,50.8,-5.0,50.1,-0.6,-5.1,50.1,-0.5,51.6,0.0,50.8,-1.2,-0.1,50.5,-1.2,50.3,-1.7,49.6,-0.9,-1.7,48.5,-1.1,50.0,0.2,49.5,-0.2,0.2,49.1,-0.6,51.9,0.2,2.3,51.9,0.2,2.3,52.4,0.3,,,,,,,,
,N,50.3,-2.4,49.1685335659235000,-1.3,-2.2,49.3,-0.9,51.2,-4.0,49.3,-0.8,-3.6,49.5,-0.6,51.7,-2.5,50.1,-0.7,-2.4,49.0,-1.5,47.1,-9.0,46.0,-3.6,-8.8,47.5,-1.0,49.0,-1.0,48.2,-1.3,-0.9,48.2,-0.9,53.6,1.7,3.2,53.6,1.7,3.2,52.6,0.2,,,,,,,,
,D,49.5,-1.0,49.0083867693695000,-0.2,-0.5,48.5,-0.8,49.6,-4.2,48.6,-0.7,-2.5,49.0,-0.5,47.9,-3.1,47.5,-2.6,-2.2,47.4,-1.6,49.1,-2.3,43.2,-2.8,-7.7,46.9,-0.6,47.2,-2.1,47.4,-0.8,-1.8,47.4,-0.8,53.8,0.2,3.3,53.8,0.2,3.3,52.6,0.0,,,,,,,,
2017,E,45.7,-4.5,47.3778401799841000,-1.6,-4.1,47.8,-0.7,46.0,-3.3,49.3,0.7,-3.4,48.5,-0.5,41.7,-9.9,44.8,-2.7,-9.1,45.9,-1.5,42.8,-9.4,45.6,2.4,-8.7,46.6,-0.3,44.6,-3.4,45.9,-1.5,-3.3,46.6,-0.8,53.5,-0.3,4.6,53.5,-0.3,5.0,52.6,0.0,,,,,,,,
,F,46.0,-4.3,46.4727975619627000,-0.9,-4.4,47.4,-0.4,46.9,-4.2,48.4,-0.9,-4.3,48.3,-0.2,42.5,-8.6,43.0,-1.8,-8.8,45.0,-0.9,47.5,-5.4,47.2,1.6,-5.6,46.9,0.3,43.1,-6.7,43.6,-2.3,-6.7,46.1,-0.5,50.7,-2.8,3.4,50.7,-2.8,3.4,52.4,-0.2,,,,,,,,
,M,47.8,-2.1,47.5797055901038000,1.1,-3.1,47.4,0.0,46.8,-3.5,47.2,-1.2,-3.7,48.1,-0.2,46.0,-4.2,45.5,2.5,-5.9,44.7,-0.3,49.2,-1.5,48.4,1.2,-3.5,47.4,0.5,45.1,-4.2,46.3,2.7,-2.6,45.9,-0.2,50.9,0.2,1.4,50.9,0.2,1.4,52.2,-0.2,,,,,,,,
,A,48.5,-3.2,48.1263781922275000,0.5,-2.7,47.7,0.3,49.0,-4.1,48.4,1.2,-4.3,48.1,0.0,46.4,-6.6,45.8,0.3,-5.6,44.9,0.2,49.0,-6.1,48.5,0.1,-4.6,48.1,0.7,46.4,-3.7,45.8,-0.5,-3.8,46.1,0.2,52.1,1.2,3.4,52.1,1.2,3.4,52.0,-0.2,,,,,,,,
,M,52.8,2.0,52.9611760883753000,4.9,1.9,53.6,5.9,53.4,0.4,52.6,4.2,0.3,53.3,5.2,55.6,3.1,55.7,9.9,2.8,56.7,11.8,55.6,1.9,54.9,6.4,1.7,56.4,8.3,48.4,-0.7,48.8,3.0,-0.7,49.7,3.6,51.6,-0.5,3.6,51.6,-0.5,3.6,51.8,-0.2,,,,,,,,
,J,54.3,7.1,54.2270277771226000,1.2,7.3,53.8,0.2,53.8,3.4,54.5,1.9,3.3,53.2,-0.1,56.9,9.4,56.8,1.1,9.6,57.0,0.3,56.7,8.1,56.6,1.7,7.9,56.5,0.1,50.7,3.5,50.7,1.9,3.6,50.0,0.3,52.7,1.1,7.2,52.7,1.1,7.2,51.6,-0.2,,,,,,,,
,J,54.2,2.5,54.3921387860382000,0.2,2.7,53.7,-0.1,53.8,1.2,53.4,-1.1,1.6,53.1,-0.1,58.4,5.2,58.8,2.0,5.8,56.8,-0.2,57.8,6.8,58.3,1.7,7.2,56.2,-0.3,51.2,0.9,57.7,7.0,7.4,50.2,0.2,49.4,-3.3,-3.0,49.4,-3.3,-3.0,51.4,-0.2,,,,,,,,
,A,54.2,2.8,53.9677619048899000,-0.4,2.8,53.4,-0.3,53.8,1.4,52.7,-0.7,1.3,52.8,-0.3,57.4,5.2,56.9,-1.9,5.0,56.3,-0.5,55.9,4.9,55.5,-2.8,4.8,55.6,-0.6,52.5,1.8,52.4,-5.3,1.9,50.3,0.1,51.2,1.8,-0.4,51.2,1.8,-0.4,51.2,-0.2,,,,,,,,
,S,52.0,1.5,52.1915690374331000,-1.8,1.2,53.1,-0.3,51.6,1.6,51.9,-0.8,1.2,52.6,-0.2,53.7,2.3,53.9,-3.0,1.9,55.7,-0.6,53.6,4.1,54.2,-1.3,3.7,55.0,-0.6,49.4,-0.2,49.4,-3.0,-0.3,50.3,0.0,51.2,0.0,-0.5,51.2,0.0,-0.5,51.0,-0.2,,,,,,,,
,O,53.0,2.0,52.2925609544415000,0.1,1.8,52.7,-0.4,53.1,2.3,52.3,0.4,2.2,52.5,-0.1,56.4,4.8,55.5,1.6,4.7,55.2,-0.5,54.5,4.2,53.9,-0.3,4.3,54.6,-0.4,50.4,0.4,49.9,0.5,0.4,50.3,0.0,50.5,-0.7,-1.4,50.5,-0.7,-1.4,50.8,-0.2,,,,,,,,
,N,53.6,3.3,52.6333144162726000,0.3,3.4,52.5,-0.2,53.7,2.5,52.3,0.0,3.0,52.5,0.0,55.2,3.5,53.8,-1.7,3.7,54.8,-0.4,55.0,7.9,54.0,0.1,8.0,54.3,-0.3,51.7,2.7,51.0,1.1,2.8,50.4,0.1,52.5,2.0,-1.1,52.5,2.0,-1.1,50.6,-0.2,,,,,,,,
,D,52.6,3.1,52.3811479157024000,-0.2,3.4,52.4,-0.1,53.7,4.1,53.2,0.9,4.6,52.6,0.1,55.2,7.3,55.2,1.4,7.7,54.5,-0.3,54.6,5.5,54.5,0.5,11.3,54.1,-0.2,50.1,2.9,50.4,-0.6,3.0,50.7,0.3,50.3,-2.2,-3.5,50.3,-2.2,-3.5,50.4,-0.2,,,,,,,,
2018,E,50.4,4.7,52.2401022549003000,-0.2,4.8,52.4,0.0,49.5,3.5,52.7,-0.5,3.4,52.7,0.1,50.6,8.9,54.1,-1.1,9.3,54.4,-0.1,50.9,8.1,54.2,-0.3,8.6,54.0,-0.1,49.9,5.3,51.0,0.6,5.1,50.9,0.2,50.2,-0.1,-3.3,50.2,-0.1,-3.3,50.2,-0.2,,,,,,,,
,F,52.5,6.5,52.9248183121435000,0.7,6.4,52.3,-0.1,51.2,4.3,52.6,-0.1,4.2,52.6,-0.1,55.0,12.5,55.3,1.2,12.3,54.3,-0.1,54.7,7.2,54.4,0.2,7.2,53.9,-0.1,50.8,7.7,51.5,0.5,7.9,51.1,0.2,49.3,-0.9,-1.4,49.3,-0.9,-1.4,50.0,-0.2,,,,,,,,
,M,51.9,4.1,52.2326824773995000,-0.7,4.6,52.0,-0.3,52.8,6.0,52.9,0.3,5.7,52.3,-0.3,53.6,7.6,53.8,-1.5,8.3,53.8,-0.5,53.5,4.3,54.0,-0.4,5.6,53.5,-0.4,48.9,3.8,48.4,-3.1,2.1,51.0,-0.1,51.5,2.2,0.6,51.5,2.2,0.6,50.0,0.0,,,,,,,,
,A,52.2,3.7,50.9295589034785000,-1.3,2.8,51.7,-0.3,52.2,3.2,51.4,-1.5,3.0,52.1,-0.2,54.5,8.1,52.5,-1.3,6.7,53.2,-0.6,53.7,4.7,51.4,-2.6,2.9,53.1,-0.4,51.6,5.2,51.1,2.7,5.3,50.9,-0.1,49.1,-2.4,-3.0,49.1,-2.4,-3.0,50.0,0.0,,,,,,,,
,M,51.9,-0.9,51.8526098489924000,1.0,-1.1,51.5,-0.2,52.8,-0.6,51.8,0.4,-0.8,51.9,-0.2,53.7,-1.9,53.5,1.0,-2.2,52.8,-0.4,54.3,-1.3,53.4,2.0,-1.5,52.7,-0.4,50.3,1.9,50.5,-0.6,1.7,50.6,-0.3,49.4,0.3,-2.2,49.4,0.3,-2.2,50.0,0.0,,,,,,,,
,J,51.0,-3.3,51.0157837013567000,-0.9,-3.2,51.3,-0.2,51.0,-2.8,51.7,-0.1,-2.8,51.8,-0.1,51.9,-5.0,51.8,-1.7,-5.0,52.4,-0.4,51.6,-5.1,52.0,-1.4,-4.6,52.4,-0.3,50.1,-0.6,50.2,-0.3,-0.5,50.3,-0.3,50.2,0.8,-2.5,50.2,0.8,-2.5,50.1,0.1,,,,,,,,
,J,50.8,-3.4,51.1596997050053000,0.2,-3.2,51.1,-0.2,52.0,-1.8,51.8,0.1,-1.6,51.8,0.0,50.6,-7.8,51.5,-0.3,-7.3,52.1,-0.3,51.8,-6.0,52.7,0.7,-5.6,52.2,-0.2,50.1,-1.1,50.1,-0.1,-7.6,49.9,-0.4,50.5,0.3,1.1,50.5,0.3,1.1,50.3,0.2,,,,,,,,
,A,50.9,-3.3,50.7073031015643000,-0.5,-3.3,50.9,-0.2,52.8,-1.0,51.7,-0.1,-1.0,51.9,0.1,52.2,-5.2,51.6,0.1,-5.3,51.8,-0.3,52.0,-3.9,51.7,-1.0,-3.8,51.9,-0.3,49.1,-3.4,49.2,-0.9,-3.2,49.6,-0.3,50.1,-0.4,-1.1,50.1,-0.4,-1.1,50.5,0.2,,,,,,,,
,S,51.4,-0.6,51.5359108285853000,0.8,-0.7,50.7,-0.2,52.6,1.0,52.6,0.9,0.7,51.9,0.0,53.3,-0.4,53.6,2.0,-0.3,51.5,-0.3,51.3,-2.3,51.7,0.0,-2.5,51.5,-0.4,49.8,0.4,49.9,0.7,0.5,49.3,-0.3,51.3,1.2,0.1,51.3,1.2,0.1,50.7,0.2,,,,,,,,
,O,51.1,-1.9,50.5993682283993000,-0.9,-1.7,50.5,-0.2,52.9,-0.2,52.1,-0.5,-0.2,51.8,-0.1,51.7,-4.7,50.9,-2.7,-4.6,51.1,-0.4,51.3,-3.2,50.6,-1.1,-3.3,50.9,-0.6,49.6,-0.8,49.0,-0.9,-0.9,49.1,-0.2,51.8,0.5,1.3,51.8,0.5,1.3,50.9,0.2,,,,,,,,
,N,50.6,-3.0,49.3894969577872000,-1.2,-3.2,50.2,-0.3,52.2,-1.5,50.8,-1.3,-1.5,51.8,0.0,51.5,-3.7,49.5,-1.4,-4.3,50.9,-0.2,51.5,-3.5,50.3,-0.3,-3.7,50.4,-0.5,49.0,-2.7,47.9,-1.1,-3.1,48.9,-0.2,50.5,-1.3,-2.0,50.1,-1.7,-2.4,50.9,0.0,,,,,,,,
,D,50.2,-2.4,50.1517468310574000,0.8,-2.2,50.1,-0.1,52.1,-1.6,51.9,1.1,-1.3,51.8,0.0,50.4,-4.8,50.5,1.0,-4.7,50.8,-0.1,51.0,-3.6,50.6,0.3,-3.9,49.9,-0.5,49.0,-1.1,49.2,1.3,-1.2,48.9,0.0,50.6,0.1,0.3,50.6,0.5,0.3,51.0,0.1,,,,,,,,
2019,E,47.9,-2.5,49.7654797642277000,-0.4,-2.4,50.1,0.0,48.3,-1.2,51.7,-0.2,-1.0,51.8,0.0,46.5,-4.1,50.4,-0.1,-3.7,50.8,0.0,44.8,-6.1,48.3,-2.3,-5.9,49.6,-0.3,48.6,-1.3,49.8,0.6,-1.2,48.9,0.0,51.8,1.2,1.6,51.5,0.9,1.3,50.9,-0.1,,,,,,,,
,F,50.0,-2.5,50.3861406292782000,0.6,-2.5,50.0,-0.1,50.8,-0.4,52.1,0.4,-0.5,51.7,-0.1,51.5,-3.5,51.6,1.2,-3.7,50.7,-0.1,49.6,-5.1,49.7,1.4,-4.7,49.2,-0.4,47.3,-3.5,48.0,-1.8,-3.5,48.9,0.0,51.8,0.0,2.5,51.8,0.3,2.5,50.8,-0.1,,,,,,,,
,M,50.8,-1.1,50.0841163159665000,-0.3,-2.1,49.8,-0.2,52.1,-0.7,51.9,-0.2,-1.0,51.4,-0.3,52.4,-1.2,51.0,-0.6,-2.8,50.4,-0.3,50.4,-3.1,48.9,-0.8,-5.1,48.7,-0.5,49.8,0.9,49.2,1.2,0.8,48.8,-0.1,50.5,-1.3,-1.0,50.5,-1.3,-1.0,50.6,-0.2,,,,,,,,
,A,50.9,-1.3,50.3803989473206000,0.3,-0.5,49.4,-0.4,52.4,0.2,51.3,-0.6,-0.1,50.9,-0.5,51.8,-2.7,50.9,-0.1,-1.6,49.7,-0.7,50.0,-3.7,49.3,0.4,-2.1,48.2,-0.5,49.4,-2.2,48.9,-0.3,-2.2,48.7,-0.1,52.6,2.1,3.5,52.6,2.1,3.5,50.5,-0.1,,,,,,,,
,M,48.7,-3.2,48.4213220304137000,-2.0,-3.5,49.0,-0.4,51.3,-1.5,50.1,-1.2,-1.7,50.5,-0.4,48.2,-5.5,47.6,-3.3,-5.9,48.8,-0.9,48.2,-6.1,47.1,-2.2,-6.3,47.8,-0.4,48.8,-1.5,48.7,-0.2,-1.8,48.5,-0.2,49.6,-3.0,0.2,49.6,-3.0,0.2,50.3,-0.2,,,,,,,,
,J,47.7,-3.3,47.9175539041961000,-0.5,-3.1,48.6,-0.4,48.8,-2.2,49.6,-0.5,-2.1,50.2,-0.3,48.0,-3.9,47.9,0.3,-3.9,48.1,-0.7,46.9,-4.7,47.3,0.2,-4.7,47.7,-0.1,47.1,-3.0,47.3,-1.4,-2.9,48.4,-0.1,49.0,-0.6,-1.2,49.0,-0.6,-1.2,50.2,-0.1,,,,,,,,
,J,47.1,-3.7,47.6715458646355000,-0.2,-3.5,48.4,-0.2,48.0,-4.0,48.1,-1.5,-3.7,50.2,0.0,44.7,-5.9,45.9,-2.0,-5.6,47.7,-0.4,44.4,-7.4,45.8,-1.5,-6.9,47.8,0.1,48.4,-1.7,48.7,1.4,-1.4,48.4,0.0,50.8,1.8,0.3,50.8,1.8,0.3,50.1,-0.1,,,,,,,,
,A,49.4,-1.5,49.3626663882299000,1.7,-1.3,48.4,0.0,52.5,-0.3,51.4,3.3,-0.3,50.4,0.2,49.0,-3.2,48.9,3.0,-2.7,47.7,0.0,50.0,-2.0,49.9,4.1,-1.8,48.1,0.3,48.5,-0.6,48.8,0.1,-0.4,48.3,-0.1,49.9,-0.9,-0.2,49.9,-0.9,-0.2,50.1,0.0,,,,,,,,
,S,48.6,-2.8,48.7293086920471000,-0.7,-2.8,48.6,0.2,50.9,-1.7,50.8,-0.6,-1.8,50.7,0.3,47.7,-5.6,48.0,-0.9,-5.6,48.1,0.4,48.5,-2.8,48.9,-1.0,-2.8,48.4,0.3,48.0,-1.8,48.2,-0.6,-1.7,48.1,-0.2,50.4,0.5,-0.9,50.4,0.5,-0.9,50.2,0.1,,,,,,,,
,O,49.4,-1.7,48.8922976020189000,0.2,-1.7,48.9,0.3,51.5,-1.4,50.8,0.0,-1.3,50.9,0.2,49.6,-2.1,49.0,1.0,-1.9,48.6,0.5,49.5,-1.8,48.7,-0.2,-1.9,48.7,0.3,48.5,-1.1,47.7,-0.5,-1.3,47.9,-0.2,50.0,-0.4,-1.8,50.0,-0.4,-1.8,50.3,0.1,,,,,,,,
,N,49.9,-0.7,49.0977128827436000,0.2,-0.3,49.2,0.3,52.3,0.1,51.5,0.7,0.7,50.8,-0.1,50.5,-1.0,49.4,0.4,-0.1,49.1,0.5,49.9,-1.6,48.5,-0.2,-1.8,48.8,0.1,48.6,-0.4,47.9,0.2,0.0,47.7,-0.2,50.5,0.5,0.0,50.5,0.5,0.4,50.5,0.2,,,,,,,,
,D,48.9,-1.3,48.4871746589849000,-0.6,-1.7,49.3,0.1,50.2,-1.9,50.0,-1.5,-1.9,50.6,-0.2,49.0,-1.4,48.2,-1.2,-2.3,49.4,0.3,48.9,-2.1,47.6,-0.9,-3.0,48.7,-0.1,47.1,-1.9,46.9,-1.0,-2.3,47.3,-0.4,50.6,0.1,0.0,50.5,0.0,-0.1,50.7,0.2,,,,,,,,
2020,E,48.4,0.5,50.2502290505067000,1.8,0.5,49.3,0.0,47.4,-0.9,50.9,0.9,-0.8,50.4,-0.2,46.8,0.3,50.5,2.3,0.1,49.6,0.2,46.0,1.2,49.7,2.1,1.4,48.5,-0.2,46.4,-2.2,47.1,0.2,-2.7,47.1,-0.2,54.6,4.0,2.8,54.6,4.1,3.1,50.9,0.2,,,,,,,,
,F,48.8,-1.2,49.5636162214873000,-0.7,-0.8,49.2,-0.1,48.3,-2.5,49.3,-1.6,-2.8,50.1,-0.3,49.2,-2.3,50.0,-0.5,-1.6,49.4,-0.2,47.3,-2.3,48.3,-1.4,-1.4,48.2,-0.3,47.8,0.5,49.1,2.0,1.1,46.8,-0.3,50.8,-3.8,-1.0,50.8,-3.8,-1.0,51.2,0.3,,,,,,,,
,M,38.7,-12.1,37.7896975554846000,-11.8,-12.3,49.0,-0.2,40.8,-11.3,40.0,-9.3,-11.9,50.0,-0.1,29.2,-23.2,27.3,-22.7,-23.7,49.0,-0.4,30.3,-20.1,28.6,-19.7,-20.3,47.9,-0.3,43.9,-5.9,43.2,-5.9,-6.0,46.5,-0.3,51.5,0.7,1.0,51.5,0.7,1.0,51.4,0.2,,,,,,,,
,A,34.6,-16.3,34.0292260303240000,-3.8,-16.4,48.6,-0.4,38.8,-13.6,37.7,-2.3,-13.6,49.8,-0.2,20.4,-31.4,19.4,-7.9,-31.5,48.4,-0.6,22.4,-27.6,21.7,-6.9,-27.6,47.6,-0.3,41.8,-7.6,41.4,-1.8,-7.5,46.1,-0.4,54.0,2.5,1.4,54.0,2.5,1.4,51.7,0.3,,,,,,,,
,M,37.6,-11.1,37.2143619833060000,3.2,-11.2,48.1,-0.5,39.2,-12.1,37.8,0.1,-12.3,49.6,-0.2,28.3,-19.9,27.5,8.1,-20.1,47.9,-0.5,28.5,-19.7,27.6,5.9,-19.5,47.3,-0.3,41.4,-7.4,41.2,-0.2,-7.5,45.6,-0.5,52.1,-1.9,2.5,52.1,-1.9,2.5,51.8,0.1,,,,,,,,
,J,42.1,-5.6,42.4070416172171000,5.2,-5.5,47.9,-0.2,43.0,-5.8,43.8,6.0,-5.8,49.5,-0.1,37.6,-10.4,37.6,10.1,-10.3,47.5,-0.4,37.5,-9.4,38.0,10.4,-9.3,47.3,0.0,41.8,-5.3,42.1,0.9,-5.2,45.1,-0.5,51.5,-0.6,2.5,51.5,-0.6,2.5,52.0,0.2,,,,,,,,
,J,46.4,-0.7,47.0494540425176000,4.6,-0.7,47.9,0.0,46.7,-1.3,47.0,3.2,-1.1,49.5,0.0,44.5,-0.2,45.9,8.3,0.0,47.6,0.1,44.7,0.3,46.2,8.2,0.4,47.5,0.2,43.4,-5.0,43.9,1.8,-4.8,44.8,-0.3,52.9,1.4,2.1,52.9,1.4,2.1,52.0,0.0,,,,,,,,
,A,47.8,-1.6,47.9654775795393000,1.0,-1.4,48.2,0.3,49.7,-2.8,48.9,1.9,-2.5,49.5,0.0,47.6,-1.4,48.2,2.3,-0.7,48.0,0.4,47.6,-2.4,47.8,1.6,-2.1,48.0,0.5,44.3,-4.2,44.8,0.9,-4.0,44.8,0.0,51.5,-1.4,1.6,51.5,-1.4,1.6,52.0,0.0,,,,,,,,
,S,50.0,1.4,50.1697987071696000,2.2,1.5,48.5,0.3,50.6,-0.3,50.6,1.7,-0.2,49.5,0.0,51.4,3.7,51.9,3.7,3.9,48.5,0.5,49.6,1.1,50.2,2.4,1.3,48.4,0.4,47.0,-1.0,47.2,2.4,-1.0,45.0,0.2,52.0,0.5,1.6,52.0,0.5,1.6,51.9,-0.1,,,,,,,,
,O,49.1,-0.3,48.5896510853784000,-1.6,-0.3,48.8,0.3,50.6,-0.9,50.0,-0.6,-0.8,49.6,0.1,49.3,-0.3,48.7,-3.2,-0.3,49.0,0.5,48.8,-0.7,47.8,-2.4,-0.9,48.7,0.3,46.1,-2.4,45.2,-2.0,-2.5,45.4,0.4,52.2,0.2,2.2,52.2,0.2,2.2,51.7,-0.2,,,,,,,,
,N,50.7,0.8,49.8436087502502000,1.2,0.7,49.0,0.2,50.4,-1.9,49.6,-0.4,-1.9,49.6,0.0,51.6,1.1,50.2,1.5,0.8,49.3,0.3,51.9,2.0,50.0,2.2,1.5,48.7,0.0,47.2,-1.4,46.6,1.4,-1.3,46.0,0.6,52.2,0.0,1.7,52.2,0.0,1.7,51.5,-0.2,,,,,,,,
,D,49.1,0.2,48.7750203170562000,-1.0,0.3,49.1,0.1,49.2,-1.0,49.1,-0.5,-0.9,49.7,0.1,49.8,0.8,49.2,-1.0,1.0,49.4,0.1,49.8,0.9,48.5,-1.5,0.9,48.8,0.1,46.7,-0.4,46.3,-0.3,-0.6,46.7,0.7,49.8,-2.4,-0.8,49.8,-2.4,-0.7,51.3,-0.2,,,,,,,,
2021,E,47.1,-1.3,48.8156609193371000,0.0,-1.5,49.3,0.2,46.3,-1.1,49.9,0.8,-1.0,50.0,0.3,45.5,-1.3,49.1,-0.1,-1.4,49.8,0.4,44.6,-1.4,48.2,-0.3,-1.5,49.1,0.3,43.6,-2.8,44.4,-1.9,-2.7,47.3,0.6,44.9,-4.9,-9.7,44.9,-4.9,-9.7,51.0,-0.3,,,,,,,,
,F,49.3,0.5,49.8605092394978000,1.1,0.3,49.9,0.6,49.4,1.1,50.7,0.8,1.4,50.6,0.6,50.8,1.6,50.8,1.7,0.8,50.6,0.8,49.5,2.2,50.0,1.8,1.7,50.1,1.0,47.2,-0.6,47.9,3.5,-1.2,48.1,0.8,49.8,4.9,-1.0,51.0,6.1,0.2,50.7,-0.3,,,,,,,,
,M,50.9,12.2,49.6848845425959000,-0.2,11.9,50.7,0.8,51.7,10.9,50.5,-0.2,10.5,51.4,0.8,52.5,23.3,50.0,-0.8,22.7,52.1,1.5,51.8,21.5,49.8,-0.2,21.2,51.5,1.4,49.7,5.8,49.0,1.1,5.8,48.9,0.8,49.6,-0.2,-1.9,49.6,-1.4,-1.9,50.5,-0.2,,,,,,,,
,A,49.5,14.9,51.6085472530538000,1.9,17.6,51.6,0.9,52.2,13.4,52.5,2.0,14.8,52.3,0.9,49.2,28.8,53.3,3.3,33.9,53.6,1.5,51.2,28.8,53.2,3.4,31.5,53.0,1.5,51.9,10.1,48.9,-0.1,7.5,49.6,0.7,48.1,-1.5,-5.9,51.4,1.8,-2.6,50.4,-0.1,,,,,,,,
,M,53.8,16.2,53.4674123687572000,1.9,16.3,52.4,0.8,55.3,16.1,54.0,1.5,16.2,53.0,0.7,57.2,28.9,56.6,3.3,29.1,54.9,1.3,56.7,28.2,56.0,2.8,28.4,54.0,1.0,51.5,10.1,51.3,2.4,10.1,50.2,0.6,49.7,1.6,-2.4,49.7,-1.7,-2.4,50.3,-0.1,,,,,,,,
,J,53.4,11.3,53.6310810132010000,0.1,11.2,52.7,0.3,52.8,9.8,53.5,-0.5,9.7,53.4,0.4,57.1,19.5,57.4,0.8,19.8,55.5,0.6,55.6,18.1,56.4,0.4,18.4,54.5,0.5,51.4,9.6,51.0,-0.3,8.9,50.7,0.5,49.5,-0.2,-2.0,49.2,-0.5,-2.3,50.3,0.0,,,,,,,,
,J,52.3,5.9,52.9094976900128000,-0.7,5.9,52.7,0.0,53.2,6.5,53.5,0.0,6.5,53.4,0.0,55.2,10.7,56.3,-1.1,10.4,55.4,-0.1,52.7,8.0,54.1,-2.3,7.9,54.3,-0.2,50.4,7.0,51.1,0.1,7.2,51.1,0.4,50.9,1.4,-2.0,50.9,1.7,-2.0,50.4,0.1,,,,,,,,
,A,50.8,3.0,51.1927420243820000,-1.7,3.2,52.4,-0.3,49.1,-0.6,48.6,-4.9,-0.3,53.1,-0.3,51.5,3.9,52.6,-3.7,4.4,54.8,-0.6,51.5,3.9,52.0,-2.1,4.2,53.9,-0.4,50.1,5.8,50.7,-0.4,5.9,51.4,0.3,50.1,-0.8,-1.4,50.1,-0.8,-1.4,50.4,0.0,,,,,,,,
,S,51.2,1.2,51.5186194904713000,0.3,1.3,52.0,-0.4,52.0,1.4,52.1,3.5,1.5,52.7,-0.4,52.8,1.4,53.5,0.9,1.6,54.0,-0.8,51.3,1.7,52.2,0.2,2.0,53.6,-0.3,51.2,4.2,51.3,0.6,4.1,51.8,0.4,49.6,-0.5,-2.4,49.6,-0.5,-2.4,50.5,0.1,,,,,,,,
,O,53.5,4.4,52.6713898583651000,1.2,4.1,51.7,-0.3,54.3,3.7,53.1,1.0,3.1,52.3,-0.4,56.2,6.9,53.9,0.4,5.2,53.4,-0.6,55.7,6.9,55.3,3.1,7.5,53.6,0.0,52.2,6.1,54.7,3.4,9.5,52.3,0.5,49.8,0.2,-2.4,52.2,2.6,0.0,50.4,-0.1,,,,,,,,
,N,52.0,1.3,50.6163645228000000,-2.1,0.8,51.7,0.0,54.1,3.7,51.1,-2.0,1.5,52.1,-0.2,54.8,3.2,52.2,-1.7,2.0,53.3,-0.1,53.3,1.4,52.3,-3.0,2.3,53.9,0.3,51.3,4.1,52.7,-2.0,6.1,52.7,0.4,48.7,-1.1,-3.5,51.3,-0.9,-0.9,50.4,0.0,,,,,,,,
,D,53.5,4.4,52.3240035362164000,1.7,3.5,51.8,0.1,55.5,6.3,52.9,1.8,3.8,52.3,0.2,57.7,7.9,54.4,2.2,5.2,53.5,0.2,55.1,5.3,56.0,3.7,7.5,54.4,0.5,51.9,5.2,54.5,1.8,8.2,52.9,0.2,49.3,0.6,-0.5,51.9,0.6,2.1,50.2,-0.2,,,,,,,,
2022,E,47.1,0.0,48.9074391176578000,-3.4,0.1,52.0,0.2,47.9,1.6,51.5,-1.4,1.6,52.6,0.3,46.3,0.8,49.9,-4.5,0.8,53.9,0.4,44.0,-0.6,47.7,-8.3,-0.5,54.6,0.2,47.5,3.9,48.5,-6.0,4.1,52.8,-0.1,50.5,1.2,5.6,50.5,-1.4,5.6,50.0,-0.2,,,,,,,,
,F,50.7,1.4,51.2412249249154000,2.3,1.3,52.1,0.1,52.3,2.9,53.1,1.6,2.4,53.1,0.5,52.3,1.5,52.7,2.8,1.9,54.2,0.3,51.7,2.2,52.9,5.2,2.9,54.4,-0.2,49.9,2.7,50.6,2.1,2.7,52.5,-0.3,49.0,-1.5,-0.8,49.0,-1.5,-2.0,49.8,-0.2,,,,,,,,
,M,54.0,3.1,52.5864779204287000,1.4,2.9,52.2,0.1,55.6,3.9,54.1,1.0,3.6,53.5,0.4,58.3,5.8,55.6,2.9,5.6,54.5,0.3,56.8,5.0,54.6,1.7,4.8,54.1,-0.3,52.0,2.3,51.1,0.5,2.1,52.1,-0.4,48.8,-0.2,-0.8,48.8,-0.2,-0.8,49.5,-0.3,,,,,,,,
,A,52.7,3.2,52.4195956994822000,-0.2,0.8,52.2,0.0,55.4,3.2,55.0,0.9,2.5,53.8,0.3,54.9,5.7,54.4,-1.2,1.1,54.7,0.2,54.4,3.2,54.0,-0.6,0.8,53.8,-0.3,52.3,0.4,52.4,1.3,3.5,51.8,-0.3,49.2,0.4,1.1,49.2,0.4,-2.2,49.4,-0.1,,,,,,,,
,M,52.4,-1.4,52.2806922757094000,-0.1,-1.2,52.2,0.0,54.4,-0.9,53.3,-1.7,-0.7,53.9,0.1,55.3,-1.9,55.1,0.7,-1.5,54.8,0.1,53.7,-3.0,53.6,-0.4,-2.4,53.5,-0.3,51.7,0.2,51.6,-0.8,0.3,51.7,-0.1,48.9,-0.3,-0.8,48.9,-0.3,-0.8,49.3,-0.1,,,,,,,,
,J,51.4,-2.0,51.7841282071126000,-0.5,-1.8,52.2,0.0,52.9,0.1,53.5,0.2,0.0,53.7,-0.2,53.9,-3.2,54.2,-0.9,-3.2,54.7,-0.1,51.9,-3.7,52.7,-0.9,-3.7,53.2,-0.3,51.4,0.0,51.5,-0.1,0.5,51.7,0.0,48.4,-0.5,-1.1,48.4,-0.5,-0.8,49.2,-0.1,,,,,,,,
,J,52.1,-0.2,52.5192143416464000,0.7,-0.4,52.1,-0.1,53.1,-0.1,53.2,-0.3,-0.3,53.5,-0.2,54.8,-0.4,55.4,1.2,-0.9,54.7,0.0,52.7,0.0,53.6,0.9,-0.5,53.2,0.0,50.9,0.5,51.7,0.2,0.6,51.8,0.1,50.0,1.6,-0.9,50.0,1.6,-0.9,49.3,0.1,,,,,,,,
,A,52.0,1.2,52.3973134494411000,-0.1,1.2,52.2,0.1,54.2,5.1,54.1,0.9,5.5,53.4,-0.1,54.4,2.9,55.2,-0.2,2.6,54.7,0.0,52.7,1.2,53.3,-0.3,1.3,53.3,0.1,51.6,1.5,52.2,0.5,1.5,51.9,0.1,49.2,-0.8,-0.9,49.2,-0.8,-0.9,49.4,0.1,,,,,,,,
,S,51.2,0.0,51.6003143418111000,-0.8,0.1,52.2,0.0,52.8,0.8,53.2,-0.9,1.1,53.5,0.1,52.0,-0.8,53.1,-2.1,-0.4,54.7,0.0,51.3,0.0,52.3,-1.0,0.1,53.4,0.1,51.6,0.4,51.6,-0.6,0.3,51.9,0.0,49.8,0.6,0.2,49.8,0.6,0.2,49.6,0.2,,,,,,,,
,O,52.8,-0.7,51.9500568489734000,0.4,-0.7,52.4,0.2,54.9,0.6,52.7,-0.5,-0.4,53.7,0.2,55.1,-1.1,54.6,1.5,0.7,54.9,0.2,53.9,-1.8,54.2,1.9,-1.1,53.6,0.2,51.8,-0.4,52.8,1.2,-1.9,51.7,-0.2,50.4,0.6,0.6,51.8,2.0,-0.4,49.8,0.2,,,,,,,,
,N,54.3,2.3,53.0501307640729000,1.1,2.5,52.5,0.1,55.8,1.7,54.6,1.9,3.5,54.0,0.3,58.1,3.3,55.9,1.3,3.7,55.2,0.3,57.3,4.0,54.4,0.2,2.1,53.9,0.3,51.6,0.3,51.0,-1.8,-1.7,51.5,-0.2,50.2,-0.2,1.5,50.2,-1.6,-1.1,50.0,0.2,,,,,,,,
,D,53.8,0.3,53.1392325330438000,0.0,0.8,52.6,0.1,55.3,-0.2,54.4,-0.2,1.5,54.2,0.2,57.3,-0.4,55.9,0.0,1.5,55.4,0.2,55.9,0.8,54.0,-0.4,-2.0,54.1,0.2,52.1,0.2,51.4,0.4,-3.1,51.2,-0.3,50.0,-0.2,0.7,50.0,-0.2,-1.9,50.2,0.2,,,,,,,,
2023,E,50.4,3.3,52.1923334687280000,-0.9,3.3,52.6,0.0,51.2,3.3,54.8,0.4,3.3,54.1,-0.1,51.6,5.3,55.3,-0.6,5.4,55.4,0.0,49.8,5.8,53.3,-0.7,5.6,54.1,0.0,48.9,1.4,49.9,-1.5,1.4,51.0,-0.2,51.2,1.2,0.7,51.2,1.2,0.7,50.3,0.1,,,,,,,,
,F,51.7,-2.3,52.2697631483115000,0.1,-0.3,52.5,-0.1,53.0,-2.6,53.6,-1.2,-0.5,53.9,-0.2,54.1,-4.2,54.7,-0.6,-0.9,55.1,-0.3,52.4,-4.4,53.8,0.5,-0.8,53.8,-0.3,50.2,-1.8,50.8,0.9,-0.3,50.9,-0.1,50.2,-1.0,1.4,50.2,-1.0,1.4,50.4,0.1,,,,,,,,
,M,54.6,1.9,53.0143948202474000,0.7,0.6,52.3,-0.2,55.8,0.4,54.0,0.4,-1.0,53.5,-0.4,58.2,3.3,55.2,0.5,0.8,54.5,-0.6,57.6,3.2,55.1,1.3,1.1,53.5,-0.3,52.7,0.4,51.9,1.1,-0.5,50.9,0.0,49.9,-0.3,0.7,49.9,-0.3,0.7,50.5,0.1,,,,,,,,
,A,52.1,-0.6,52.2094096547170000,-0.8,-0.2,52.1,-0.2,52.4,-2.0,52.2,-1.8,-2.8,53.1,-0.4,54.3,-0.6,54.3,-0.9,-0.1,54.0,-0.5,53.0,-1.4,53.2,-1.9,-0.8,53.1,-0.4,51.0,-1.3,51.0,-0.9,-1.4,50.9,0.0,50.3,0.4,1.1,50.4,0.5,1.2,50.6,0.1,,,,,,,,
,M,51.3,-1.1,51.4023024759437000,-0.8,-0.9,52.0,-0.1,53.8,0.9,53.0,0.8,-0.3,52.9,-0.2,52.7,-2.6,53.0,-1.3,-2.1,53.7,-0.3,51.1,-2.6,51.6,-1.6,-2.0,52.9,-0.2,50.4,-1.3,50.6,-0.4,-1.0,51.1,0.2,50.8,0.5,1.9,50.8,0.4,1.9,50.7,0.1,,,,,,,,
,J,51.2,-0.2,51.6364523121799000,0.2,-0.2,52.1,0.1,52.5,-0.6,52.8,-0.2,-0.7,52.9,0.0,52.1,-1.8,52.7,-0.3,-1.5,53.8,0.1,50.9,-1.0,51.8,0.2,-0.9,53.0,0.1,51.1,-0.3,51.0,0.4,-0.5,51.2,0.1,50.9,0.1,2.5,50.9,0.1,2.5,50.8,0.1,,,,,,,,
,J,52.1,0.0,52.2888209095345000,0.7,-0.2,52.3,0.2,53.2,-1.0,53.1,0.3,-0.1,53.0,0.1,53.8,-1.0,53.9,1.2,-1.5,54.1,0.3,53.7,1.0,54.0,2.2,0.4,53.2,0.2,50.4,-0.5,51.1,0.1,-0.6,51.2,0.0,50.6,-0.3,0.6,50.6,-0.3,0.6,50.9,0.1,,,,,,,,
,A,52.4,0.4,52.7702766807321000,0.5,0.4,52.6,0.3,52.8,0.0,52.8,-0.3,-1.3,53.3,0.3,54.7,0.3,55.1,1.2,-0.1,54.6,0.5,53.2,0.5,53.9,-0.1,0.6,53.4,0.2,51.0,-0.6,51.5,0.4,-0.7,51.2,0.0,50.7,0.1,1.5,50.7,0.1,1.5,51.0,0.1,,,,,,,,
,S,52.8,1.6,53.3019964346592000,0.5,1.7,52.7,0.1,53.5,-1.4,54.0,1.2,0.8,53.5,0.2,54.5,2.5,55.7,0.6,2.6,54.8,0.2,53.1,1.8,54.3,0.4,2.0,53.6,0.2,51.8,0.2,51.7,0.2,0.1,51.1,-0.1,51.8,1.1,2.0,51.8,1.1,2.0,51.1,0.1,,,,,,,,
,O,53.2,0.4,53.0006216557215000,-0.3,1.0,52.7,0.0,53.8,-2.0,53.9,-0.1,1.2,53.7,0.2,55.7,0.6,55.6,-0.1,1.0,54.9,0.1,53.8,-0.1,53.1,-1.2,-1.1,53.5,-0.1,51.9,0.1,50.9,-0.8,-1.9,50.9,-0.2,51.5,-0.3,1.1,51.5,-0.3,-0.3,51.2,0.1,,,,,,,,
,N,53.7,-0.6,52.2947166347031000,-0.7,-0.8,52.6,-0.1,55.0,-0.3,53.7,-0.2,-0.9,53.6,-0.1,56.4,-1.7,54.0,-1.6,-1.9,54.7,-0.2,56.6,-0.7,53.3,0.2,-1.1,53.3,-0.2,50.8,-0.8,50.2,-0.7,-0.8,50.7,-0.2,51.1,-0.4,0.9,51.1,-0.4,0.9,51.2,0.0,,,,,,,,
,D,52.8,-1.0,51.9566291205000000,-0.3,-1.1,52.3,-0.3,54.3,3.1,53.4,-0.3,-1.0,53.4,-0.2,55.3,-2.0,53.7,-0.3,-2.2,54.3,-0.4,54.3,-1.6,52.3,-1.0,-1.7,52.8,-0.5,51.0,-1.1,50.3,0.1,-1.1,50.5,-0.2,50.6,-0.5,0.6,50.6,-0.5,0.6,51.2,0.0,,,,,,,,
2024,E,49.8,-0.6,51.6492471162422000,-0.4,-0.6,51.9,-0.4,49.2,-3.8,52.5,-0.9,-2.3,52.9,-0.5,49.4,-2.2,53.1,-0.6,-2.2,53.9,-0.4,48.8,-1.0,52.3,0.0,-1.0,52.4,-0.4,49.1,0.2,50.1,-0.2,0.2,50.2,-0.3,52.1,1.5,0.9,52.1,1.5,0.9,51.2,0.0,,,,,,,,
,F,51.8,0.1,52.3525437521188000,0.8,0.1,51.6,-0.3,53.7,-2.1,54.0,1.5,0.4,52.4,-0.5,54.0,-0.1,54.7,1.6,0.0,53.4,-0.5,51.5,-0.9,52.8,0.5,-1.0,51.9,-0.5,50.0,-0.2,50.5,0.4,-0.3,50.1,-0.1,51.8,-0.3,1.6,51.8,-0.3,1.6,51.1,-0.1,,,,,,,,
,M,52.2,-2.4,51.5182377989425000,-0.9,-1.5,51.3,-0.3,53.4,1.0,52.3,-1.7,-1.7,52.0,-0.4,55.2,-3.0,53.8,-0.9,-1.4,53.0,-0.4,52.4,-5.2,51.6,-1.2,-3.5,51.6,-0.3,51.0,-1.7,50.5,0.0,-1.4,50.0,-0.1,50.3,-1.5,0.4,49.9,-1.9,0.0,51.0,-0.1,,,,,,,,
,A,51.0,-1.1,50.3611095698671000,-1.1,-1.8,51.1,-0.2,50.2,-3.6,50.7,-1.6,-1.5,51.6,-0.4,53.2,-1.1,52.0,-1.8,-2.3,52.6,-0.4,52.0,-1.0,50.6,-1.0,-2.6,51.3,-0.3,48.6,-2.4,49.0,-1.5,-2.0,49.9,-0.1,50.1,-0.2,-0.2,50.1,0.2,-0.3,50.8,-0.2,,,,,,,,
,M,50.0,-1.3,50.4181349013296000,0.0,-1.0,50.8,-0.3,51.3,-1.2,50.8,0.1,-2.2,51.3,-0.3,50.1,-2.6,50.8,-1.2,-2.2,52.1,-0.5,49.3,-1.8,50.4,-0.2,-1.2,51.1,-0.2,48.8,-1.6,49.2,0.2,-1.4,49.7,-0.2,51.8,1.7,1.0,51.8,1.7,1.0,50.7,-0.1,,,,,,,,
,J,50.6,-0.6,51.0605917285116000,0.7,-0.5,50.6,-0.2,51.5,-1.7,51.7,0.9,-1.1,51.1,-0.2,51.0,-1.1,51.9,1.1,-0.8,51.7,-0.4,50.6,-0.3,51.6,1.2,-0.2,50.9,-0.2,50.5,-0.6,50.4,1.2,-0.6,49.4,-0.3,50.3,-1.5,-0.6,50.3,-1.5,-0.6,50.6,-0.1,,,,,,,,
,J,50.8,-1.3,50.8355826570475000,-0.3,-1.5,50.4,-0.2,51.8,-1.0,51.5,-0.2,-1.6,50.8,-0.3,52.4,-1.4,52.3,0.4,-1.6,51.3,-0.4,51.3,-2.4,51.2,-0.4,-2.8,50.6,-0.3,48.9,-1.5,49.4,-1.0,-1.7,49.1,-0.3,50.6,0.3,0.0,50.6,0.3,0.0,50.5,-0.1,,,,,,,,
,A,50.1,-2.3,50.3276357597290000,-0.5,-2.5,50.2,-0.2,50.0,-3.5,50.2,-1.3,-2.6,50.5,-0.3,51.1,-3.6,51.1,-1.2,-4.0,51.0,-0.3,50.0,-3.2,50.5,-0.7,-3.4,50.3,-0.3,48.0,-3.0,48.4,-1.0,-3.1,48.8,-0.3,51.2,0.6,0.5,51.2,0.6,0.5,50.5,0.0,,,,,,,,
,S,49.0,-3.8,49.5418148622229000,-0.8,-3.8,50.0,-0.2,49.1,-4.7,49.7,-0.5,-4.3,50.1,-0.4,49.2,-5.3,50.3,-0.8,-5.4,50.8,-0.2,48.3,-4.8,49.5,-1.0,-4.8,50.0,-0.3,48.6,-3.2,48.5,0.1,-3.2,48.7,-0.1,50.1,-1.1,-1.7,50.1,-1.1,-1.7,50.6,0.1,,,,,,,,
,O,49.4,-3.8,49.1377141386744000,-0.4,-3.9,49.8,-0.2,49.5,-5.5,49.6,-0.1,-4.3,49.8,-0.3,49.3,-6.4,49.1,-1.2,-6.5,50.4,-0.4,48.9,-4.9,48.4,-1.1,-4.7,49.4,-0.6,48.8,-3.1,47.8,-0.7,-3.1,48.6,-0.1,50.5,0.4,-1.0,50.4,0.3,-1.1,50.6,0.0,,,,,,,,
,N,51.9,-1.8,50.3990686684631000,1.3,-1.9,49.6,-0.2,53.4,-0.9,51.8,2.2,-1.9,49.5,-0.3,53.8,-2.6,51.4,2.3,-2.6,49.8,-0.6,53.8,-2.8,50.3,1.9,-3.0,48.9,-0.5,49.7,-1.1,49.2,1.4,-1.0,48.5,-0.1,50.2,-0.3,-0.9,50.2,-0.2,-0.9,50.8,0.2,,,,,,,,
,D,50.4,-2.4,49.5848738635828000,-0.8,-2.4,49.4,-0.2,50.2,1.0,49.3,-2.5,-4.1,49.2,-0.3,51.3,-4.0,49.8,-1.6,-3.9,49.2,-0.6,50.4,-3.9,48.5,-1.8,-3.8,48.3,-0.6,49.3,-1.7,48.7,-0.5,-1.6,48.6,0.1,50.7,0.5,0.1,50.7,0.5,0.1,51.0,0.2,,,,,,,,
2025,E,47.4,-2.4,49.0894121581031000,-0.5,-2.5,49.2,-0.2,46.0,-7.7,49.0,-0.3,-3.5,48.9,-0.3,44.3,-5.1,47.9,-1.9,-5.2,48.5,-0.7,43.8,-5.0,47.1,-1.4,-5.2,47.8,-0.5,47.7,-1.4,48.7,0.0,-1.4,48.6,0.0,53.7,3.0,1.6,53.7,3.0,1.6,51.2,0.2,,,,,,,,