Periodos,pib_sa,pib_sa_vt,pib_sa_va
1993/01,13802938.26,1.088193383,3.925600199
1993/02,13803864.55,0.006710808,2.545887319
1993/03,13964367.44,1.16273878,2.268452635
1993/04,14052054.15,0.627931874,2.940234373
1994/01,14192961.84,1.002755089,2.825656174
1994/02,14517171.28,2.284297286,5.167442262
1994/03,14596494.13,0.546407054,4.526711969
1994/04,14753501.88,1.075653874,4.991780739
1995/01,14079213.94,-4.570358605,-0.801438767
1995/02,13225331.52,-6.064844424,-8.898701662
1995/03,13508720.91,2.14277723,-7.452290995
1995/04,13817617.08,2.286642624,-6.343475665
1996/01,14138391.08,2.321485624,0.420315619
1996/02,14290343.14,1.074747896,8.052816037
1996/03,14502006.23,1.481161736,7.352919096
1996/04,14961498.16,3.168471473,8.278425093
1997/01,15013395.76,0.346874368,6.188856165
1997/02,15371355.92,2.384271756,7.564638383
1997/03,15689591.06,2.070312768,8.189107167
1997/04,16131931.4,2.819323579,7.822968187
1998/01,16381893.94,1.549489234,9.115180877
1998/02,16496642.19,0.700457774,7.320670216
1998/03,16579144.88,0.500118034,5.66970681
1998/04,16608684.49,0.178173316,2.955337912
1999/01,16755894.87,0.886345834,2.283013971
1999/02,16877689.16,0.726874268,2.309845613
1999/03,17036796.14,0.942705975,2.760403331
1999/04,17207415.22,1.001473953,3.604925674
2000/01,17562071.68,2.061067632,4.811302647
2000/02,17786511.77,1.277981864,5.384757403
2000/03,17980809.43,1.092387658,5.541025929
2000/04,17778210.57,-1.126750528,3.317147541
2001/01,17895081.1,0.657380741,1.896185279
2001/02,17758108.42,-0.765420866,-0.159690434
2001/03,17721836.94,-0.204253069,-1.440271639
2001/04,17568748.66,-0.863839783,-1.178194569
2002/01,17459226.79,-0.623390253,-2.435609585
2002/02,17649247.09,1.088366071,-0.613023204
2002/03,17813025.69,0.927963638,0.514555867
2002/04,17851053.92,0.21348554,1.606860392
2003/01,17846063.78,-0.027954333,2.215659329
2003/02,17868090.44,0.123425899,1.239958567
2003/03,17877092.89,0.050382806,0.3596649
2003/04,18039385.25,0.907822982,1.055015158
2004/01,18277012.28,1.317267923,2.414809834
2004/02,18520991.93,1.334898969,3.654008183
2004/03,18509750.62,-0.060694985,3.538929581
2004/04,18707302.27,1.067284225,3.702548672
2005/01,18748763.59,0.22163177,2.5811183
2005/02,18752840.93,0.021747253,1.251817409
2005/03,18943013.87,1.014102023,2.340729829
2005/04,19294066.91,1.853205859,3.136554058
2006/01,19676167.03,1.980402152,4.946477858
2006/02,19841752.7,0.841554507,5.806649632
2006/03,19892102.17,0.253755128,5.010228579
2006/04,19963991.78,0.361397778,3.472180697
2007/01,20107079.4,0.716728491,2.190021903
2007/02,20234691.3,0.634661568,1.980362363
2007/03,20307737.24,0.360993577,2.089447712
2007/04,20359606.84,0.255417906,1.981643049
2008/01,20354106.26,-0.027017125,1.228556635
2008/02,20505531.01,0.743951865,1.338491909
2008/03,20521778.6,0.07923518,1.053989235
2008/04,20197939.77,-1.578025174,-0.794057894
2009/01,18952309.33,-6.167116317,-6.887047295
2009/02,18633041.36,-1.684586122,-9.131632092
2009/03,19309769.01,3.631869005,-5.905967579
2009/04,19731182.44,2.182384617,-2.310915545
2010/01,19814163.77,0.42055931,4.547490329
2010/02,20029359.29,1.086069172,7.493773584
2010/03,20219278.57,0.948204481,4.71010067
2010/04,20386074.27,0.824933957,3.31907035
2011/01,20528680.56,0.699528002,3.606091117
2011/02,20591212.17,0.304606043,2.805146528
2011/03,20977195.85,1.874506843,3.74848822
2011/04,21128880.54,0.72309328,3.643694536
2012/01,21330424.91,0.953880968,3.905484056
2012/02,21461669.42,0.615292531,4.227324011
2012/03,21516986.56,0.257748508,2.573226239
2012/04,21684247.45,0.777343476,2.62847293
2013/01,21703434.73,0.088484883,1.748721921
2013/02,21614636.31,-0.409144542,0.712744583
2013/03,21750397.57,0.628098738,1.084775561
2013/04,21857318.44,0.491581251,0.798141587
2014/01,22001548.39,0.65987029,1.373578285
2014/02,22281558.62,1.272684179,3.085512525
2014/03,22319088.45,0.168434493,2.614622933
2014/04,22508685.55,0.849484089,2.980087028
2015/01,22618509.85,0.487919634,2.804172898
2015/02,22816784.04,0.876601451,2.402100438
2015/03,23085376.42,1.177170201,3.433330045
2015/04,23017588.73,-0.293639082,2.260919127
2016/01,22992150.29,-0.110517413,1.651923313
2016/02,23094708.79,0.446058782,1.218071559
2016/03,23296235.44,0.872609588,0.913387825
2016/04,23556604.81,1.117645718,2.34175738
2017/01,23693966.21,0.583112039,3.052415352
2017/02,23720107.65,0.110329498,2.707974624
2017/03,23578935.59,-0.595157754,1.213501432
2017/04,23908388.08,1.39723225,1.493353001
2018/01,24208911.57,1.256979305,2.173318524
2018/02,24134241.2,-0.308441652,1.745917692
2018/03,24230199.2,0.397601036,2.762056864
2018/04,24186079.86,-0.182084069,1.161482668
2019/01,24190817.82,0.019589583,-0.074740057
2019/02,24123758.3,-0.277210634,-0.043435826
2019/03,24122015.5,-0.007224406,-0.446482909
2019/04,23947538.29,-0.723311058,-0.986276289
2020/01,23660840.02,-1.197193076,-2.190822144
2020/02,19187221.4,-18.90726879,-20.46338234
2020/03,22164196.1,15.51540286,-8.116317641
2020/04,23122943.03,4.325656255,-3.443340392
2021/01,23288550.2,0.716202825,-1.573442942
2021/02,23507957.59,0.942125585,22.51882179
2021/03,23301495.88,-0.878263099,5.131247594
2021/04,23574312.15,1.170810121,1.952040084
2022/01,23901537.36,1.38805834,2.632139596
2022/02,24184104.65,1.182213869,2.876247535
2022/03,24386675.8,0.837621071,4.657125576
2022/04,24671751.93,1.168983142,4.655235639
2023/01,24798271.59,0.512811813,3.751784749
2023/02,24983767.69,0.748020299,3.306564624
2023/03,25181151.9,0.790049782,3.257828584
2023/04,25202781.04,0.085894175,2.152376978
2024/01,25255205.13,0.208009145,1.842602368
2024/02,25227221.05,-0.110805193,0.974446123
2024/03,25524270.9,1.177497315,1.362602494
2024/04,25275173.02,-0.975925561,0.287238051
2025/01,25360618.49,0.338060879,0.417392609
2025/02,25489305.99,0.50743047,1.038897402
2025/03,25506365.19,0.06692687,-0.070151707
2025/04,25726611.61,0.863495916,1.786094971
